id,domain,status,purchase_price,renewal_price,attractiveness,demand,length,registrar,created_at,expires_at,status_verified_at
50cbaa45-1afb-4dae-90e9-1237e3c5c52d,yours.film,available,65.99,65.99,high,low,5,namesilo,,,02/10/2026 04:34
f1fa8517-3dfc-4bc3-b102-80162c2299c4,belvedere.film,available,65.99,65.99,high,medium,9,namesilo,,,22/09/2026 12:20
09c0df85-bc18-490d-93d3-57352753fcbc,abrupt.film,premium,125,125,high,low,6,name.com,,,
fdc1597a-cd0b-4562-9a22-74582b554917,composing.film,premium,116,116,high,low,9,namesilo,,,24/09/2026 16:54
3551cb0f-cc38-4a82-abb1-ce1743180eaa,fannie.film,available,64.42,64.42,medium,low,6,dynadot,,,28/09/2026 12:06
e0168b00-bd19-4f62-8483-4cd01c27d8c1,documenting.film,available,77.98,97.98,medium,low,11,namecheap,,,02/10/2026 03:07
8091bb23-c9f2-40da-a803-8faaaaea5db8,ryukyu.film,available,64.42,64.42,medium,low,6,dynadot,,,30/09/2026 21:22
645a5067-dc3b-4f1e-867d-c5595fc2285a,buck.film,available,65.99,65.99,high,low,4,namesilo,,,29/09/2026 04:54
8d03e487-0138-47cc-98d1-bf33c9686c72,imbalance.film,available,77.98,97.98,medium,low,9,namecheap,,,20/09/2026 18:40
58b8ac57-c2f1-4a7b-85ca-d629c49120a8,session.film,premium,110,110,high,low,7,dynadot,,,28/09/2026 17:16
6041d1ca-81b4-49c7-a160-745957873c84,dreamfully.film,available,65.99,65.99,medium,low,10,namesilo,,,14/09/2026 14:19
365ffbbf-3cec-4dfc-889b-963d13a24935,crawled.film,available,65.99,65.99,low,low,7,namesilo,,,01/10/2026 00:21
55471f9d-fea5-43cf-8cba-68cb41c6fd8b,alleviant.film,available,65.99,65.99,medium,low,9,namesilo,,,04/09/2026 23:46
a7287131-2385-4c9b-a4f2-c74d75705c37,automation.film,available,65.99,65.99,high,medium,10,namesilo,,,02/10/2026 03:50
d244e963-3c37-470c-bcdc-232f23945fae,heyday.film,available,65.99,65.99,high,low,6,namesilo,,,18/08/2026 09:24
8bd30793-2274-4ca1-a8dc-7dbac0da7c3b,drab.film,available,65.99,65.99,medium,low,4,namesilo,,,14/08/2026 11:43
a57afd88-42f3-4e92-9516-d912405b94ca,froze.film,available,65.99,65.99,medium,low,5,namesilo,,,
37ef1155-1eba-4291-9c30-946a92bbbf9e,fritz.film,available,65.99,65.99,high,low,5,namesilo,,,01/10/2026 22:47
43602233-5f23-4522-bf80-00127469f06f,ordering.film,available,65.99,65.99,high,low,8,namesilo,,,27/09/2026 15:05
9897f65e-cf49-4b12-afc9-fc5889da85ac,bounder.film,available,77.98,97.98,medium,low,7,namecheap,,,24/09/2026 02:20
af02ce63-f3ed-485b-a749-c1bba397de7f,sheet.film,premium,116,116,high,low,5,namesilo,,,29/09/2026 01:47
85bec20b-b248-426f-ae7f-81e825668a49,scary.film,premium,1107,1107,high,low,5,namesilo,,,12/08/2026 05:23
9b3cfa32-0448-475d-8103-8a008efc5abd,multiplayer.film,available,77.98,97.98,high,low,11,namecheap,,,02/10/2026 21:22
2935c59d-c7dd-4478-b345-2a5f59570225,tournaments.film,available,65.99,65.99,medium,low,11,namesilo,,,02/10/2026 01:42
a9eb4dcd-0c9e-4c54-b8a9-e3fce31ecbb5,aerolite.film,available,65.99,65.99,medium,low,8,namesilo,,,17/09/2026 13:06
b6068839-c487-41e0-9f03-a03b87bfee80,propelling.film,available,65.99,65.99,high,low,10,namesilo,,,09/09/2026 03:30
dbd55283-5f9a-40f8-aceb-7ad82b08b018,portent.film,available,65.99,65.99,medium,low,7,namesilo,,,09/09/2026 02:55
47b3baac-1e92-45a6-aa4a-0fdcc8d8ec91,birthright.film,available,77.98,97.98,high,low,10,namecheap,,,23/09/2026 21:20
09de5833-597c-460c-bea6-19511f328b7b,circuitry.film,available,65.99,65.99,high,low,9,namesilo,,,02/10/2026 05:43
d3f92f7d-205c-45a1-b500-fa13f9cb356f,cliche.film,available,65.99,65.99,high,low,6,namesilo,,,23/09/2026 16:07
7784ceaf-f33b-40cc-a80c-b200d3809e2d,marist.film,available,65.99,65.99,high,low,6,namesilo,,,03/10/2026 03:43
918745ea-4bbc-4b12-82ac-f4afef2ffee7,redeemable.film,available,77.98,97.98,high,low,10,namecheap,,,11/08/2026 20:14
9f824f12-3c6e-4500-aa0d-455934128119,ruptured.film,available,64.42,64.42,medium,low,8,dynadot,,,29/09/2026 16:06
0063abb0-7471-4320-8b60-2bbc6ae2a9e2,widgeon.film,available,65.99,65.99,medium,low,7,namesilo,,,19/09/2026 02:58
76413de4-402a-4d20-8e02-5afbe2efda54,delicate.film,premium,116,116,high,low,8,namesilo,,,24/09/2026 05:30
9ab84da2-8c3b-426f-96b1-1df2858abbf0,pharos.film,available,77.98,97.98,high,low,6,namecheap,,,22/09/2026 19:15
4bdceb7b-41c9-4098-aa03-f5f398cff46c,soddy.film,available,65.99,65.99,medium,low,5,namesilo,,,17/09/2026 09:26
44f60085-dbc3-4cae-add6-c74202437603,patterned.film,available,65.99,65.99,high,low,9,namesilo,,,08/09/2026 10:49
bb20eb43-85b3-4d26-86a9-4273d997ba5b,list.film,premium,640,640,high,low,4,namesilo,,,25/09/2026 13:18
11e05eb5-191a-408b-a50f-ccb7888e1c1f,creepy.film,available,65.99,65.99,high,low,6,namesilo,,,24/09/2026 01:42
5d5d3e30-fb00-4324-b6d4-255b02cac230,shrill.film,available,65.99,65.99,high,medium,6,namesilo,,,10/09/2026 06:54
9e3746f8-fbf3-414b-b2ef-0755bef12d34,frankie.film,available,65.99,65.99,high,low,7,namesilo,,,26/09/2026 03:25
6834adf7-c2b6-44ee-86e1-e50af200131a,individual.film,premium,116,116,high,low,10,namesilo,,,23/09/2026 13:06
7a5a5d41-9c74-4d23-819d-3b6b853335c9,ergo.film,available,65.99,65.99,high,low,4,namesilo,,,14/09/2026 15:56
59888d4b-6781-4336-a79f-7e1ecbe4c674,behring.film,available,65.99,65.99,high,low,7,namesilo,,,23/09/2026 04:03
c161854e-b336-41b2-a0dc-a349a7e7c35e,ishmael.film,available,77.98,97.98,high,low,7,namecheap,,,04/09/2026 19:10
bdd5a83f-9b96-4fac-b145-177fecfed7a6,assignment.film,premium,116,116,high,low,10,namesilo,,,19/09/2026 21:59
ec7946f0-9462-46b6-a897-ea9e427a0c92,closed.film,available,65.99,65.99,high,low,6,namesilo,,,12/08/2026 12:15
4b2c5165-1e10-4938-abad-d0502e9bbd21,gotta.film,available,65.99,65.99,high,low,5,namesilo,,,27/09/2026 16:53
3e9ab681-d349-44e4-aca4-beeb3b19dade,deteriorate.film,available,64.42,64.42,medium,low,11,dynadot,,,01/10/2026 22:25
3336015a-2824-468c-94d6-fb0331d8abe9,apiece.film,available,65.99,65.99,medium,low,6,namesilo,,,14/08/2026 22:12
7499f685-58d4-419a-8300-4db7de52555c,advertises.film,available,65.99,65.99,medium,low,10,namesilo,,,18/09/2026 17:19
16f3a765-b85c-4b94-b8fd-9dff4eaf1356,editor.film,premium,640,640,high,low,6,namesilo,,,25/09/2026 05:10
0c306c6a-9ab3-4831-acac-dbae52ba36e6,horatio.film,available,65.99,65.99,medium,low,7,namesilo,,,28/09/2026 00:17
066d7062-89a8-4ea9-b358-649d2db45935,replication.film,available,64.42,64.42,high,low,11,dynadot,,,02/10/2026 11:17
c364990b-aa77-430c-a7e8-9b4ca1eb974d,consort.film,available,65.99,65.99,medium,low,7,namesilo,,,16/09/2026 22:56
61aec3b5-71ea-403e-82e6-eb38ac96f8ca,sound.film,premium,640,640,high,medium,5,namesilo,,,02/10/2026 13:34
d4626bee-8f98-4e13-8ddb-7a7ce1ed3fb6,hancock.film,premium,116,116,high,low,7,namesilo,,,25/09/2026 06:51
aa8132c3-a5dd-441f-9039-698055f0c893,morristown.film,available,65.99,65.99,medium,low,10,namesilo,,,29/09/2026 01:41
3ca53bdf-6f2d-47b6-9454-b2f06582940d,marley.film,available,65.99,65.99,medium,low,6,namesilo,,,29/09/2026 00:11
3982ab7c-388c-4492-94f0-a001ee57aaa8,smuggling.film,available,65.99,65.99,medium,low,9,namesilo,,,28/09/2026 15:22
3d1145a2-0898-4c1e-99a7-918be2196116,mediate.film,available,65.99,65.99,high,low,7,namesilo,,,21/08/2026 23:37
2aba1dc9-baa0-4161-8d08-ab8ba63915aa,tastefully.film,available,65.99,65.99,medium,low,10,namesilo,,,16/09/2026 07:59
1a78aee0-8287-4bdb-8a91-a1ede20823f2,livia.film,available,65.99,65.99,high,low,5,namesilo,,,02/10/2026 09:35
c68803f7-f511-447d-ab85-ec25e34e58b9,annoyed.film,available,65.99,65.99,medium,low,7,namesilo,,,22/09/2026 05:18
6f192673-b656-43ab-acd3-38f62ee04fa0,bandage.film,available,65.99,65.99,high,low,7,namesilo,,,22/09/2026 00:52
43aed391-ee96-4c7d-b597-6e7347616e6e,yon.film,premium,242,242,medium,low,3,namesilo,,,13/09/2026 14:47
c7d609eb-6e2b-4319-b59a-826da71bcd31,truelove.film,available,65.99,65.99,medium,low,8,namesilo,,,10/09/2026 19:36
d28c8236-9b32-4563-9215-b8ae5d3a4520,gatherings.film,available,77.98,97.98,low,low,10,namecheap,,,01/10/2026 18:25
dceb5fee-dc29-4ddd-b808-0064739121a1,sneezing.film,available,65.99,65.99,medium,low,8,namesilo,,,30/09/2026 11:18
20a09f5d-3196-4771-acd1-e1ecc9c2b028,amorphous.film,available,65.99,65.99,medium,low,9,namesilo,,,
abbcbf96-4896-49f5-9530-02a4d55e0b7c,offshore.film,premium,116,116,high,low,8,namesilo,,,04/09/2026 01:37
f489b0a9-46e2-48dc-8fda-439e51933ed8,hopping.film,available,77.98,97.98,medium,low,7,namecheap,,,01/10/2026 05:32
b3baf819-5abd-41c3-8fa5-ddbd21368920,parody.film,premium,640,640,high,low,6,namesilo,,,23/09/2026 11:34
741593b1-7381-48c4-9978-fd864cfd3a6e,sedan.film,available,65.99,65.99,medium,low,5,namesilo,,,01/10/2026 03:37
f8ee4621-ee57-4b3c-a37c-3cf553647e46,engage.film,available,65.99,65.99,high,low,6,namesilo,,,29/09/2026 22:50
58befbec-7975-402f-a754-19c31e66ab5c,attain.film,available,65.99,65.99,high,low,6,namesilo,,,30/09/2026 10:56
a3daebb9-8c72-4c0a-8278-b48e09322d25,amazons.film,available,65.99,65.99,medium,low,7,namesilo,,,21/09/2026 05:29
503c0df3-cbd0-4596-bfbc-4106b3281bf5,berkelium.film,available,65.99,65.99,medium,low,9,namesilo,,,21/09/2026 00:14
cfe3e9e4-e39a-4f7d-ae76-82459df0447d,hilary.film,available,65.99,65.99,medium,low,6,namesilo,,,28/09/2026 21:53
64d11d11-6e07-4ca9-8cad-a308e198987a,acanthion.film,available,77.98,97.98,medium,low,9,namecheap,,,16/09/2026 20:39
ab805e67-2eac-4f76-b2b8-8ae2187e7ec9,brandt.film,available,89.99,113.99,high,low,6,name.com,,,27/09/2026 11:47
f2cb0bd1-dfed-4cd3-b411-3aa2773fdb9d,parchment.film,available,64.42,64.42,medium,low,9,dynadot,,,30/09/2026 18:17
a7830bca-1289-426e-8f53-0ba542f23ff6,nab.film,premium,260,260,high,medium,3,namecheap,,,20/09/2026 09:04
7fe5c2c8-c974-4940-a2db-762f11d4e0f0,rosetta.film,available,64.42,64.42,high,low,7,dynadot,,,30/09/2026 12:29
ca2d2cd0-1acb-4f75-812a-15570551d515,blythe.film,available,64.42,64.42,high,low,6,dynadot,,,29/09/2026 23:30
ecd07814-9cfb-4446-a2b0-bd14cb1c85c7,chalk.film,available,65.99,65.99,high,low,5,namesilo,,,28/09/2026 05:27
487bfe63-3944-416c-94a1-7395d5497c96,axelrod.film,available,64.42,64.42,medium,low,7,dynadot,,,02/10/2026 20:17
bc1ad019-cebc-401f-8e30-02317222abe3,keepers.film,available,65.99,65.99,medium,low,7,namesilo,,,01/10/2026 00:38
34ba3f8e-3ddd-4f14-a1d6-10c69fa8e296,telecom.film,available,65.99,65.99,high,low,7,namesilo,,,30/09/2026 13:03
368b4697-cadd-4ac2-b64d-7b76645396b3,acinus.film,available,65.99,65.99,medium,low,6,namesilo,,,17/09/2026 01:46
1680be75-a874-4763-a566-e8a61f8af7f5,hath.film,available,65.99,65.99,medium,low,4,namesilo,,,01/10/2026 14:19
a7e23362-0281-44af-b139-fa294e3fcdfa,shot.film,premium,650,650,high,low,4,namecheap,,,23/09/2026 13:53
9fc38774-5972-43fc-bb0d-9005fd9ed08d,malden.film,available,65.99,65.99,medium,low,6,namesilo,,,29/09/2026 15:07
056f2837-23f3-49c7-8929-8d70127ce711,cpp.film,premium,242,242,high,low,3,namesilo,,,01/10/2026 12:13
30eda8c9-91e3-4c84-b5fc-75f2d71e290c,scorch.film,available,65.99,65.99,medium,low,6,namesilo,,,10/09/2026 00:51
f5732d6c-75da-4b8f-a603-e7c31197769e,appalling.film,premium,116,116,medium,low,9,namesilo,,,06/08/2026 04:31
0e06a219-1843-458e-8722-5270f2d0e970,superuser.film,available,64.42,64.42,high,low,9,dynadot,,,02/10/2026 03:00
cf081084-749b-4088-bf82-b7a7d9d7bdd6,perl.film,available,65.99,65.99,high,low,4,namesilo,,,29/09/2026 21:52
9469ccea-ffa4-422f-af81-f4ff9ab62ba6,narrates.film,available,64.42,64.42,medium,low,8,dynadot,,,29/09/2026 17:58
213fecf8-75f3-47ed-91cf-fb0f454f1d4a,inventory.film,available,65.99,65.99,high,low,9,namesilo,,,01/10/2026 16:19
09213132-50ca-42fa-b7cb-39e75add54ea,behemoth.film,available,65.99,65.99,high,low,8,namesilo,,,23/09/2026 03:24
52271e2a-2873-49be-a51b-2c24b6c6e1b7,spaces.film,available,77.98,97.98,high,low,6,namecheap,,,02/10/2026 20:47
578551e9-71f2-45af-ae6f-9e653c1a223d,kenyan.film,available,65.99,65.99,high,low,6,namesilo,,,22/08/2026 15:34
ff7982b5-0c93-40db-9dd7-2d9a0edb3b9a,caswell.film,available,65.99,65.99,high,low,7,namesilo,,,30/09/2026 22:01
f5b80503-8a8e-4320-b4c4-e5d89800f3c5,jones.film,available,65.99,65.99,high,low,5,namesilo,,,25/09/2026 00:23
e30e1fc3-6b2b-4504-835f-8047adc5e285,query.film,available,77.98,97.98,high,low,5,namecheap,,,01/10/2026 19:28
e0841934-4b97-458a-95fb-b9ceb376c25c,winged.film,available,65.99,65.99,high,low,6,namesilo,,,13/09/2026 12:29
f5ea4e28-b3bb-4b67-8a8b-014e30c7d349,burst.film,available,65.99,65.99,high,low,5,namesilo,,,24/09/2026 10:35
9a07b24b-b2a5-4961-9197-20112a6b479d,unequaled.film,available,65.99,65.99,high,low,9,namesilo,,,12/09/2026 09:09
d0edfc51-9818-425b-8ce9-0510a1c4d54b,adulterate.film,available,65.99,65.99,medium,low,10,namesilo,,,
63eafc65-b961-4906-80ce-afc6b54721d9,turki.film,available,77.98,97.98,medium,low,5,namecheap,,,11/09/2026 21:16
1087c32e-db51-42ba-be13-9d5eff99cf66,bananas.film,available,64.42,64.42,high,low,7,dynadot,,,28/09/2026 15:58
ba6fb497-670f-4be0-894e-9d6fa94a89db,massively.film,available,65.99,65.99,medium,low,9,namesilo,,,15/09/2026 13:35
861125d5-81b7-407a-b7b4-4cd2d93edcf8,hardiness.film,available,77.98,97.98,high,low,9,namecheap,,,29/09/2026 18:02
3a053c43-c9fa-4081-8e4c-e4c60fadff21,frequent.film,available,65.99,65.99,high,low,8,namesilo,,,18/08/2026 15:06
58a5f6ee-632b-46ad-a1da-6b751dd8e2fa,globular.film,available,65.99,65.99,high,low,8,namesilo,,,08/08/2026 10:06
c8adb415-8ff7-4248-809c-267e5779bf3b,historical.film,premium,640,640,high,low,10,namesilo,,,24/09/2026 10:25
8b40c00e-6997-4ea0-bd3c-f7ed26baeb57,artaxerxes.film,available,65.99,65.99,medium,low,10,namesilo,,,20/09/2026 10:06
f45b641a-e616-47ec-8272-9d353c56bfd4,kearney.film,available,77.98,97.98,high,low,7,namecheap,,,28/09/2026 04:09
c7ac6c31-19e5-46a8-ad05-719bc6c40b38,background.film,premium,116,116,high,low,10,namesilo,,,29/09/2026 00:20
5d32d6e8-bc50-4b5a-8f59-b0002046c5d5,bothersome.film,premium,116,116,medium,low,10,namesilo,,,
0b58bca0-7788-471a-bf66-efc3da0c8abc,tapered.film,available,65.99,65.99,medium,low,7,namesilo,,,03/09/2026 13:29
145e084f-b3f2-48cd-9278-aa9d9b5a322f,gable.film,available,65.99,65.99,medium,low,5,namesilo,,,03/10/2026 00:03
fa9264c3-f61d-4e46-a8ce-493ee25cea65,rival.film,available,65.99,65.99,high,low,5,namesilo,,,28/09/2026 05:26
16e66118-050b-40e5-957c-ca439a47794a,grading.film,available,65.99,65.99,high,low,7,namesilo,,,30/09/2026 01:47
66dfca54-971e-4c89-8bf5-46a2762484a0,unlike.film,available,65.99,65.99,high,low,6,namesilo,,,28/09/2026 09:47
f9a1d13d-df4c-4a85-a7bd-29e00b3bcadd,dandy.film,available,65.99,65.99,high,low,5,namesilo,,,08/08/2026 12:30
d2ba6354-4ad6-40ad-9004-fddf3af4015e,sought.film,available,65.99,65.99,high,low,6,namesilo,,,10/09/2026 14:41
53793a10-721d-481e-95f9-369a7a7f4344,mercurial.film,available,65.99,65.99,high,low,9,namesilo,,,17/08/2026 12:50
472bba5d-1969-4a88-ad0c-9e7a0d25c0be,modena.film,available,65.99,65.99,medium,low,6,namesilo,,,29/09/2026 03:43
3f3e3b7e-81fb-4798-95aa-bda5e2d663c8,toni.film,available,65.99,65.99,high,low,4,namesilo,,,27/09/2026 07:46
331af5d9-88b2-4490-969c-84606c9c1623,convinces.film,available,65.99,65.99,medium,low,9,namesilo,,,02/10/2026 22:25
0ae185d4-ab30-4ebb-bcdf-72c862c6ddb9,inflexible.film,available,65.99,65.99,medium,low,10,namesilo,,,22/08/2026 04:32
6674d8fe-72fd-4560-8322-5c13f58a9ffc,caitiff.film,available,65.99,65.99,low,low,7,namesilo,,,11/08/2026 13:26
ec476919-d98d-485f-877a-6cefe1e50441,selfemployed.film,available,65.99,65.99,high,low,13,namesilo,,,02/10/2026 13:54
db6b8db3-fb7c-40e7-bdf9-64802dd0d6c0,fussy.film,available,65.99,65.99,medium,low,5,namesilo,,,08/08/2026 07:47
f29f2b53-b8ce-4943-95fb-fe4c604f0555,recessive.film,available,65.99,65.99,medium,low,9,namesilo,,,09/09/2026 11:25
7e648db4-120f-4989-8c1a-645aced09d98,ocr.film,premium,242,242,high,low,3,namesilo,,,02/10/2026 06:47
421fc9a4-443f-4e33-acf5-782069517c2d,herewith.film,available,65.99,65.99,medium,low,8,namesilo,,,15/09/2026 00:27
4351498e-d83d-439a-8993-33d986e28f26,alprazolam.film,available,65.99,65.99,medium,low,10,namesilo,,,18/09/2026 14:08
8f9c8645-b9bb-40c9-a92b-4335b31b9c9c,spiffy.film,available,89.99,113.99,high,low,6,name.com,,,13/08/2026 17:36
6d6de71e-2e4f-4891-9294-b9ed6029e80a,negativity.film,available,77.98,97.98,medium,low,10,namecheap,,,03/10/2026 00:37
da5029c2-d4c3-4f0c-b563-e69adedbbcea,jaws.film,premium,116,116,medium,low,4,namesilo,,,28/09/2026 22:10
374e58e1-e968-4006-8453-6be4be270e3d,bellingham.film,available,77.98,97.98,high,low,10,namecheap,,,23/09/2026 06:12
edd6ba50-7fec-45cb-b1a3-6e50730992f0,inventions.film,available,65.99,65.99,medium,low,10,namesilo,,,29/09/2026 17:30
bed31c6f-8e8e-429f-a49d-169acfcf67f7,aneurism.film,available,65.99,65.99,medium,low,8,namesilo,,,19/09/2026 05:43
bb640af9-6114-4cc7-9661-53e80522e38c,experiential.film,available,65.99,65.99,high,low,12,namesilo,,,02/10/2026 07:18
e3d3be88-4ebf-431e-91d9-0059894f131a,carbonate.film,available,65.99,65.99,high,low,9,namesilo,,,02/10/2026 14:33
60e83c7c-d77f-4218-8f9c-dae139082018,seaborne.film,available,65.99,65.99,medium,low,8,namesilo,,,10/09/2026 00:34
e299a161-10d8-4005-b5f8-a6e2b2a08f02,angularity.film,available,65.99,65.99,medium,low,10,namesilo,,,19/09/2026 07:43
9dc1aa59-0994-4e72-9e84-c8bcaee45dac,travellers.film,available,65.99,65.99,medium,low,10,namesilo,,,17/09/2026 22:15
56ff67a8-c152-40e9-b1c6-c609f2ab5187,trickily.film,available,65.99,65.99,low,low,8,namesilo,,,14/09/2026 09:11
000135e2-e9a5-4a46-a031-93205ae01e36,spike.film,available,65.99,65.99,high,low,5,namesilo,,,19/09/2026 15:31
28288481-4911-4e41-8325-288ad0eeac9d,wentworth.film,available,77.98,97.98,medium,low,9,namecheap,,,25/09/2026 21:47
a6f061a7-9003-4895-bb26-1ab51e3cf1a5,leather.film,available,65.99,65.99,high,low,7,namesilo,,,30/09/2026 02:35
8f295985-0c9e-4bc6-9940-6672b66d9ef8,cyclist.film,available,77.98,97.98,high,low,7,namecheap,,,23/09/2026 13:21
b7203489-d490-4e0c-adab-8eebb0bfee8e,niggle.film,available,65.99,65.99,medium,low,6,namesilo,,,23/09/2026 13:17
41abd68f-7351-47f9-84e7-b2ea0a8191c4,hotshot.film,available,65.99,65.99,high,low,7,namesilo,,,21/09/2026 17:48
631afd0b-5a87-4f8c-92f1-aef79ca97932,digging.film,available,64.42,64.42,high,low,7,dynadot,,,27/09/2026 13:02
5a15a162-41b0-4e76-829e-38f949c49a97,ontario.film,available,64.42,64.42,high,low,7,dynadot,,,30/09/2026 17:50
6c4e329a-51db-4dc7-a6af-b04be9fecbbc,abasia.film,available,65.99,65.99,medium,low,6,namesilo,,,16/09/2026 14:05
d41c98a8-4b6d-4f02-99c4-8d80f1cb8a81,incorrect.film,premium,116,116,high,low,9,namesilo,,,25/09/2026 08:08
a1cf4e11-8a7c-45ca-b2f1-8be7d949710c,tazewell.film,available,77.98,97.98,medium,low,8,namecheap,,,02/10/2026 10:32
3fea3946-0dd6-4380-a498-2dd7f2d0ed6d,rights.film,premium,640,640,medium,low,6,namesilo,,,17/09/2026 03:52
ca1e736a-8d1e-408c-8837-4da80476b276,training.film,premium,116,116,high,low,8,namesilo,,,29/09/2026 06:10
f1652e45-def2-4d2c-8f43-15abee3a574a,nintendo.film,available,77.98,97.98,high,high,8,namecheap,,,30/09/2026 20:13
c18ac4e3-adb1-4e72-9001-c0daa726832b,mme.film,premium,242,242,high,low,3,namesilo,,,29/09/2026 03:05
d13f4b26-e0ac-4b01-937f-2fffa8709cb4,enumerate.film,available,65.99,65.99,medium,low,9,namesilo,,,03/09/2026 22:58
f9f8bea5-2cc4-4edf-8cbe-aed0f8db31ce,miscible.film,available,65.99,65.99,medium,low,8,namesilo,,,25/08/2026 01:23
bcf968bd-6156-42e5-8a93-97ccc832715c,alienist.film,available,65.99,65.99,medium,low,8,namesilo,,,18/09/2026 07:40
e859df1b-1698-4527-9224-cad5c0e8322a,saurian.film,available,77.98,97.98,medium,low,7,namecheap,,,22/08/2026 17:55
b40c6048-294a-4e9c-b7b5-f384cfb48d9a,annalistic.film,available,65.99,65.99,medium,low,10,namesilo,,,
1cfe279b-0b31-412d-81d1-82c602e0f667,onions.film,available,77.98,97.98,high,low,6,namecheap,,,02/10/2026 09:51
21a5e6f9-aed5-4b50-8e64-936dce82a06c,unsound.film,available,65.99,65.99,medium,low,7,namesilo,,,24/09/2026 16:24
efed897c-7d85-4932-a2ec-6eee801c898c,photographs.film,available,65.99,65.99,high,low,11,namesilo,,,27/09/2026 09:34
cd2664a9-63dd-4b09-b2e1-70e853db0a31,christology.film,available,64.42,64.42,medium,low,11,dynadot,,,02/10/2026 21:35
d112442a-efdd-4a80-8659-91dbeb0e29e0,lilly.film,available,65.99,65.99,high,high,5,namesilo,,,01/10/2026 06:35
009b43f7-5220-41c2-9186-25717b7242a2,taft.film,available,64.42,64.42,high,low,4,dynadot,,,29/09/2026 07:29
0c028aec-49b0-468a-84c2-0cb6a46dd889,brussels.film,premium,130,130,high,low,8,namecheap,,,23/09/2026 04:57
8a54ff18-9114-4136-879b-fcdf33e63525,rhythm.film,premium,130,130,high,low,6,namecheap,,,25/09/2026 22:02
34f32c6b-ed9b-460f-925b-aad523b963d1,stalks.film,available,65.99,65.99,low,low,6,namesilo,,,01/10/2026 15:27
68274a78-044c-45e4-9e50-333b0a873408,auger.film,available,65.99,65.99,medium,low,5,namesilo,,,21/09/2026 03:19
1d7de28a-1845-4b9f-9ffe-bea443947ae4,distributor.film,premium,640,640,high,low,11,namesilo,,,29/09/2026 08:54
90e97917-62a9-4396-b76c-afb6ad7345fb,capture.film,premium,242,242,high,low,7,namesilo,,,24/09/2026 12:42
355741b5-6a17-40cb-b71a-855d12f56b50,mastercard.film,available,65.99,65.99,high,high,10,namesilo,,,02/10/2026 11:58
3089dd6b-0d98-448d-b2af-b20509acd323,tailor.film,available,65.99,65.99,high,low,6,namesilo,,,28/09/2026 10:52
631bb2e2-64f9-4797-b5c2-c57cbf263e6e,discredit.film,available,65.99,65.99,high,low,9,namesilo,,,29/09/2026 15:37
cfc388d0-7090-425d-9eed-af46f80ddf4c,fictive.film,available,65.99,65.99,medium,low,7,namesilo,,,07/08/2026 07:55
4ee9f7f9-26c0-423a-97e2-57db58cbdf7c,auspice.film,available,65.99,65.99,high,low,7,namesilo,,,21/09/2026 04:36
dce4bb43-86ed-4923-9971-fccabe984d29,arca.film,available,65.99,65.99,high,low,4,namesilo,,,20/09/2026 01:31
c749bf5f-44fc-4a32-a011-a23fb61554bb,designer.film,premium,1300,1300,high,low,8,namecheap,,,20/09/2026 02:12
a7c6d335-1a14-41a8-8b46-f0867da0e11e,trasimeno.film,available,77.98,97.98,medium,low,9,namecheap,,,22/09/2026 16:12
84c4bd4a-b7d4-4b28-96cb-fc3dd4936dea,hemoglobin.film,available,65.99,65.99,high,low,10,namesilo,,,03/10/2026 01:10
610f7993-cde3-44d8-a8ca-609117b32b8e,ocs.film,premium,242,242,high,low,3,namesilo,,,30/09/2026 13:05
2531b5cd-1d39-4ae9-aa59-15dc8b4e1535,cheryl.film,available,77.98,97.98,medium,low,6,namecheap,,,27/09/2026 07:16
ccc6fee4-2861-41de-8862-40800d00f0cc,gazing.film,available,65.99,65.99,high,low,6,namesilo,,,01/10/2026 22:38
79526d6b-5f6c-4490-a38c-963b15532d6e,ghanaian.film,available,65.99,65.99,high,low,8,namesilo,,,18/08/2026 23:10
ea49eb12-50a3-4fa1-a98a-3e97c7955bba,collapsed.film,available,77.98,97.98,low,low,9,namecheap,,,20/09/2026 18:10
b3985e8e-1f66-4c90-af1e-b601a073e633,aare.film,available,65.99,65.99,high,low,4,namesilo,,,16/09/2026 13:18
6f0a5636-94ce-4330-a55c-c51c6840591f,kda.film,premium,242,242,medium,low,3,namesilo,,,29/09/2026 17:27
1961fd00-6df1-457c-8919-892e443b2f04,walls.film,available,65.99,65.99,high,low,5,namesilo,,,25/09/2026 16:16
e97b2cdf-7b87-467b-acda-ee463bbe4d0d,halle.film,available,65.99,65.99,high,low,5,namesilo,,,27/09/2026 04:25
b7be59cc-c539-4686-b6fd-2b3ed4cffcc3,paralysis.film,available,65.99,65.99,high,low,9,namesilo,,,29/09/2026 13:39
6fbadaa3-5c8a-4a76-822c-370cb7a9faf1,gut.film,premium,242,242,high,low,3,namesilo,,,28/09/2026 01:05
ebaa5981-af53-44dd-b065-fd432917d18b,disputes.film,available,64.42,64.42,medium,low,8,dynadot,,,01/10/2026 17:25
bb587168-31ba-46db-9360-f192ed33e857,definitely.film,available,64.42,64.42,high,low,10,dynadot,,,28/09/2026 13:38
031cfd5b-7598-412c-9200-fd70fb4eabff,vodka.film,premium,116,116,high,low,5,namesilo,,,30/09/2026 14:34
3761eb1a-b2b6-4728-986c-3e74ba9d8dff,psyche.film,available,65.99,65.99,high,low,6,namesilo,,,30/09/2026 04:32
e63daa00-87ec-4794-b0f7-d8ca21531f29,duty.film,premium,110,110,high,low,4,dynadot,,,29/09/2026 17:13
2ff46bfc-0249-4f1d-8909-f44614ae6cff,caring.film,premium,116,116,high,low,6,namesilo,,,23/09/2026 13:03
d961f7cc-7422-45fb-9a48-723cd4210af9,flyaway.film,available,65.99,65.99,medium,low,7,namesilo,,,18/08/2026 08:13
956b4c5b-5b76-4a85-a1d5-ac81226d239a,reigns.film,available,65.99,65.99,medium,low,6,namesilo,,,02/10/2026 12:48
df949b47-f11b-4067-867a-2c62690542bd,mimicry.film,available,65.99,65.99,medium,low,7,namesilo,,,19/09/2026 16:43
34dbaa82-a2ce-40c2-9689-4c72260a3f71,additive.film,available,65.99,65.99,high,low,8,namesilo,,,
70cb60cb-760a-4a43-9216-0fc867306ed4,fundamentalism.film,available,89.99,,medium,low,14,name.com,,,
a17fda6b-08b6-4ee0-9acc-7585d801d45b,certificates.film,available,65.99,65.99,medium,low,12,namesilo,,,30/09/2026 00:39
7ce77a0b-5991-4fd3-9b30-f8fb3c20db2b,hercules.film,premium,130,130,high,low,8,namecheap,,,28/09/2026 20:10
752dc53b-fd82-449a-841f-70ca8265a9b5,discovered.film,available,65.99,65.99,high,low,10,namesilo,,,02/10/2026 17:24
84c56d09-3879-4a51-aa02-65ad13235b93,carnivorous.film,available,65.99,65.99,medium,low,11,namesilo,,,03/10/2026 02:44
486a900b-b179-4bd2-81c3-2d116eda8a8c,kingly.film,available,65.99,65.99,high,low,6,namesilo,,,22/08/2026 16:17
64daa8bf-68fd-4599-be4e-327d4cce8cb1,fishy.film,available,65.99,65.99,high,low,5,namesilo,,,18/08/2026 05:32
b0c61c09-4900-403a-891d-4febc8d84e56,wallis.film,available,65.99,65.99,medium,low,6,namesilo,,,27/09/2026 07:14
504cc9d3-f140-4a64-acf3-b3e04f4568dd,heracles.film,available,65.99,65.99,high,low,8,namesilo,,,18/09/2026 04:03
56f13517-1c99-4136-925c-261d18994322,gyral.film,available,77.98,97.98,medium,low,5,namecheap,,,20/08/2026 21:19
540ca0eb-8fd6-4252-8f10-f95a7adc9877,terrell.film,available,65.99,65.99,medium,low,7,namesilo,,,28/09/2026 12:22
908010f4-c657-4474-a22c-4e0137f1d8fd,grandparents.film,available,65.99,65.99,high,low,12,namesilo,,,18/09/2026 06:12
ce77148f-cb96-4999-ab41-4928fe5bcce0,lurid.film,available,65.99,65.99,medium,low,5,namesilo,,,24/08/2026 11:42
8b145600-7fc9-4b54-9bb0-d12ec672cddf,harriman.film,available,77.98,97.98,medium,low,8,namecheap,,,21/09/2026 09:11
9c597119-5b9a-404b-98c1-e58b40be1ad2,ost.film,premium,242,242,high,low,3,namesilo,,,29/09/2026 03:13
7cfc5c31-1814-4515-a120-d025e0fe3a8e,concerts.film,available,77.98,97.98,high,low,8,namecheap,,,20/09/2026 13:34
6348edc0-f36e-497d-b1bb-f0364db4bfb3,odious.film,premium,116,116,medium,low,6,namesilo,,,
dd34717d-c8cf-469d-9ee5-c7102fe6022d,wax.film,premium,220,220,high,low,3,dynadot,,,30/09/2026 14:39
b26fdb76-2c1b-4c95-8322-7f3529d3dda5,deep.film,premium,640,640,high,medium,4,namesilo,,,21/09/2026 15:15
283d1f4f-38fa-4a2e-8b58-da9e25f53063,uuh.film,premium,260,260,medium,low,3,namecheap,,,20/09/2026 22:22
906cf1b8-1a2c-47d2-8506-06fb754b2c46,bashful.film,available,65.99,65.99,high,low,7,namesilo,,,08/08/2026 22:01
7e2e22d9-c686-40ef-b7d1-ca3790130bac,paton.film,available,65.99,65.99,medium,low,5,namesilo,,,18/09/2026 01:46
6fafe617-c7b0-42da-8309-4a512cdd687e,calais.film,available,65.99,65.99,high,low,6,namesilo,,,02/10/2026 23:47
184bd8bd-9975-4355-a8a6-ee23f1d8226b,mcnamara.film,available,77.98,97.98,medium,low,8,namecheap,,,27/09/2026 08:09
557e6bd8-06c4-4a4d-90fb-ac2c2c485a00,theology.film,available,77.98,97.98,high,low,8,namecheap,,,29/09/2026 14:03
f44f6a23-5afa-4aba-9382-aec8b805a578,harrisburg.film,available,65.99,65.99,medium,low,10,namesilo,,,25/09/2026 22:04
64c78988-91fd-44f3-8804-6b8ba88ebac4,inspiring.film,premium,116,116,high,low,9,namesilo,,,25/09/2026 09:50
e62e1638-b543-445c-a2c2-de1609171cda,gravy.film,available,65.99,65.99,high,low,5,namesilo,,,24/09/2026 11:11
028fea7e-98d9-440f-bb49-2931881b58b0,groomed.film,available,65.99,65.99,high,low,7,namesilo,,,20/08/2026 20:15
0439cfb4-8ded-4ded-a2b3-b59d5b51eb5b,thorpe.film,available,77.98,97.98,high,low,6,namecheap,,,30/09/2026 00:34
b5060f16-9de1-455a-acf4-fa4df6877b8f,dysgenic.film,available,65.99,65.99,low,low,8,namesilo,,,11/08/2026 12:30
6cafc8e9-2ede-4beb-9a0a-ffbd9d6b885b,evil.film,premium,260,260,high,medium,4,namecheap,,,24/09/2026 15:41
57cd3844-279c-42b6-90a6-77078ce98864,podlike.film,available,65.99,65.99,medium,low,7,namesilo,,,08/09/2026 22:31
46ac2e32-5872-43cf-90e5-167cf1622b02,seaside.film,available,65.99,65.99,high,low,7,namesilo,,,30/09/2026 10:48
35430666-7402-46d5-ba10-c55d9e242f59,specials.film,available,65.99,65.99,medium,low,8,namesilo,,,29/09/2026 17:33
46d81183-b13c-40a9-a664-79cba87829f9,stimulant.film,available,65.99,65.99,high,low,9,namesilo,,,17/08/2026 16:30
e84b960e-4897-4cf4-85f3-16d2f678aca9,diminuendo.film,available,65.99,65.99,medium,low,10,namesilo,,,13/08/2026 22:19
11e1ad89-2d6b-4d04-85af-7622cdf5be11,synoecious.film,available,65.99,65.99,medium,low,10,namesilo,,,11/09/2026 06:29
47974b47-a07d-4ebf-81cc-e3ec770ac6b1,wajda.film,available,65.99,65.99,medium,low,5,namesilo,,,19/09/2026 05:01
45859fd9-d092-43df-87c5-40b65ea75fee,christina.film,available,77.98,97.98,high,low,9,namecheap,,,25/09/2026 14:23
3e98340c-ac36-4a7a-bc80-72e6b5499103,vaunt.film,available,65.99,65.99,medium,low,5,namesilo,,,11/08/2026 01:09
bdee301d-eed1-4232-9963-7fcf285a030f,karate.film,premium,130,130,high,low,6,namecheap,,,28/09/2026 19:36
08a978b4-5b3b-48bd-bb5f-3664f6be9e2e,iaa.film,premium,242,242,medium,low,3,namesilo,,,17/09/2026 07:22
46fce2ba-25bc-4872-90e7-dc81b8a9968c,rotfl.film,available,65.99,65.99,medium,low,5,namesilo,,,
e2572102-f194-40b9-a0cd-f3da34714406,waterless.film,available,77.98,97.98,medium,low,9,namecheap,,,06/08/2026 19:03
75a1be45-acb4-42f3-9fc8-946559715fdf,wept.film,available,65.99,65.99,medium,low,4,namesilo,,,30/09/2026 14:19
9d062bf0-e0d3-4573-b7af-0ea8ae64f393,dramas.film,premium,260,260,high,low,6,namecheap,,,02/10/2026 13:47
329316c4-2222-4ced-8a36-016be771cc59,labeled.film,premium,116,116,high,low,7,namesilo,,,22/08/2026 17:13
b9825756-95c5-46ce-a434-b1b79bf257f3,translucent.film,available,65.99,65.99,high,low,11,namesilo,,,01/10/2026 22:29
5749ef44-aaa8-4dd7-8f94-93788db4d679,shelters.film,available,65.99,65.99,high,low,8,namesilo,,,20/09/2026 23:17
b2e88c6c-07c9-41d2-b338-bb595d44a8be,inutile.film,available,65.99,65.99,medium,low,7,namesilo,,,22/08/2026 08:54
9592b55a-ae9a-4507-a24c-a2323726978e,hypotonic.film,available,65.99,65.99,medium,low,9,namesilo,,,21/08/2026 17:19
83995625-71d0-4202-9f38-8450659a40df,tool.film,premium,116,116,high,low,4,namesilo,,,24/09/2026 16:13
0f332ad1-5ab1-451f-be25-e82061b2f745,ardisia.film,available,65.99,65.99,medium,low,7,namesilo,,,20/09/2026 03:10
5ed6e5c1-a6da-4662-a055-61098c03e23a,suzanne.film,available,65.99,65.99,medium,low,7,namesilo,,,28/09/2026 11:57
fd630a75-9d64-4f42-b80d-68cc0b206a23,undone.film,available,65.99,65.99,medium,low,6,namesilo,,,11/09/2026 01:55
3bfc73be-037f-4bb2-8d4a-7d8d78a3a8b5,redly.film,available,65.99,65.99,medium,low,5,namesilo,,,15/09/2026 22:51
42c4f7bd-58d0-425b-b2f6-f5bd517f25e8,ciliary.film,available,65.99,65.99,medium,low,7,namesilo,,,12/08/2026 08:04
b1d5a331-3f07-417c-a3ee-eed5fdf56903,flagship.film,available,77.98,97.98,high,low,8,namecheap,,,30/09/2026 17:19
b5ca67c9-24b6-4d7d-9fa6-ce4f45df99f5,motionless.film,available,65.99,65.99,medium,low,10,namesilo,,,25/08/2026 07:28
f8fe6d9c-90f4-48f8-b31a-e722d4d4f926,surpassing.film,available,65.99,65.99,high,low,10,namesilo,,,17/08/2026 16:03
bacdf955-d7cc-4f9a-870e-7ff6a5720918,grinder.film,available,65.99,65.99,medium,low,7,namesilo,,,25/08/2026 03:40
fefe0a77-ca29-46d3-8499-b69b8c42ec47,obstructed.film,available,65.99,65.99,medium,low,10,namesilo,,,04/09/2026 00:05
633fd0d8-eba6-492d-a023-2abbe89b22eb,childhood.film,premium,116,116,high,low,9,namesilo,,,29/09/2026 08:38
03965b67-586a-4a4b-b441-ead4d45d1a6e,defendable.film,available,65.99,65.99,high,low,10,namesilo,,,13/08/2026 23:09
4553c89d-80f9-4543-a04f-3325158a43b1,wooded.film,available,65.99,65.99,high,low,6,namesilo,,,13/09/2026 13:11
ecc83ad5-7913-429c-91ae-294130ebf775,clusters.film,available,65.99,65.99,medium,low,8,namesilo,,,30/09/2026 22:40
51c59ef8-45a5-4cbe-80d7-b96e47b51a1c,seeker.film,available,77.98,97.98,high,low,6,namecheap,,,30/09/2026 18:24
cf38d654-e9b4-4981-a9af-2b8f7aa98f50,officious.film,available,65.99,65.99,medium,low,9,namesilo,,,11/08/2026 11:26
1ec59069-b568-40d1-99d7-431550380277,bookmark.film,available,65.99,65.99,high,low,8,namesilo,,,24/09/2026 07:12
3aaa6e49-48f4-4f55-b5e2-b067095edfa0,waive.film,available,65.99,65.99,high,low,5,namesilo,,,18/08/2026 11:49
b594e87b-ba7e-495f-a115-3ccd4c6bcc8e,captives.film,available,65.99,65.99,medium,low,8,namesilo,,,02/10/2026 02:54
000a1c74-68e5-44db-99e9-b458cdd5d061,percentage.film,premium,116,116,high,low,10,namesilo,,,28/09/2026 15:02
2ca301af-e6d2-4c45-b6b5-1013b7cbfe56,biomechanics.film,available,65.99,65.99,high,low,12,namesilo,,,02/10/2026 11:42
8561c092-80fd-4568-872b-990611079f8b,unshaved.film,available,65.99,65.99,medium,low,8,namesilo,,,12/09/2026 19:42
66d7bce0-042b-4f24-ab74-69efcb9dccba,dilate.film,available,65.99,65.99,medium,low,6,namesilo,,,16/08/2026 00:39
15f56243-7cd9-4e26-b3d3-e57b5d33ed51,turkish.film,premium,125,125,medium,low,7,name.com,,,11/09/2026 21:18
10730b2f-339d-42d4-a295-f145af6c90e9,runty.film,available,77.98,97.98,high,medium,5,namecheap,,,08/09/2026 19:54
739e4603-d21a-452b-9919-70d642c32820,cxl.film,premium,242,242,high,low,3,namesilo,,,
c01fe3d4-f9b8-44ce-8010-2fa07e248e5a,agonising.film,available,65.99,65.99,medium,low,9,namesilo,,,
b72c0d2d-1f12-41e7-a1be-4a8077be8431,haired.film,available,65.99,65.99,medium,low,6,namesilo,,,20/08/2026 22:09
67721177-1f6a-4e83-9030-807e98678d66,bode.film,available,65.99,65.99,medium,low,4,namesilo,,,21/09/2026 03:28
db0da847-c7d7-4182-b323-e070846bafa1,seminary.film,available,65.99,65.99,high,low,8,namesilo,,,01/10/2026 03:37
2f4e8d86-1249-46f3-b4e2-df7612cb5432,gratifying.film,premium,116,116,high,low,10,namesilo,,,17/08/2026 09:19
1f253af7-c6fd-4b43-90ca-5f9845d22add,overrun.film,available,77.98,97.98,medium,low,7,namecheap,,,29/09/2026 13:37
9888ab45-5266-4d9a-9e62-e199002ea0df,pillage.film,available,65.99,65.99,medium,low,7,namesilo,,,08/09/2026 21:56
ae1d277a-9dbc-47ee-a142-206078ba7564,tattooed.film,available,77.98,97.98,high,low,8,namecheap,,,02/10/2026 17:38
a365c3f0-5dbd-4466-9f0e-24d4022c0613,cataphatic.film,available,77.98,97.98,medium,low,10,namecheap,,,11/08/2026 21:04
b86acdab-6147-4aba-b4c9-e35393b6eee7,wee.film,premium,242,242,high,low,3,namesilo,,,10/08/2026 08:17
2108528c-242b-450b-b8b1-a8a63aefbb43,narratives.film,available,65.99,65.99,medium,low,10,namesilo,,,20/09/2026 10:13
77133f30-231e-4fdd-b81c-695f75deba5f,wabash.film,available,77.98,97.98,high,low,6,namecheap,,,28/09/2026 03:15
3de650aa-968e-42d1-9c41-4c22bf48b4b2,clorox.film,available,77.98,97.98,high,low,6,namecheap,,,24/09/2026 15:53
512ef430-fcd6-4fe2-9714-04776da4babc,sacredly.film,available,65.99,65.99,medium,low,8,namesilo,,,15/09/2026 23:01
50934c2a-9e69-4774-8759-462ce65c1676,sloane.film,available,65.99,65.99,high,low,6,namesilo,,,28/09/2026 16:12
778fe5d7-37d7-4e18-9791-8e795e8720ba,caged.film,available,65.99,65.99,medium,low,5,namesilo,,,02/10/2026 04:01
1fd4a9ad-bea7-4de1-a89f-bbdf3ac03959,responsible.film,premium,116,116,high,low,11,namesilo,,,25/09/2026 11:15
c43920de-450f-49b1-a1b3-bada5cb6a56e,naples.film,premium,116,116,medium,low,6,namesilo,,,29/09/2026 07:39
93eb43da-e493-4600-b39a-a5e1ad5094fa,firebug.film,available,65.99,65.99,medium,low,7,namesilo,,,22/08/2026 00:57
929fdb85-e872-4274-9ce3-e091aa8bcb3d,bootleg.film,available,77.98,97.98,high,low,7,namecheap,,,22/09/2026 21:19
8d73c6b5-eb20-40ad-9c89-e3a26bf543bd,isaac.film,available,77.98,97.98,high,low,5,namecheap,,,28/09/2026 19:31
cc8b8eb1-b207-4c5c-9afd-919092a16cab,simplified.film,available,65.99,65.99,high,medium,10,namesilo,,,10/09/2026 08:15
5ce4f02c-1a35-4284-9cea-1bee51378bb3,depiction.film,premium,116,116,high,low,9,namesilo,,,02/10/2026 04:19
042eabc7-6c9a-45c0-87b3-2c2f4aaaeea4,faraway.film,available,65.99,65.99,high,low,7,namesilo,,,17/08/2026 22:14
4d5db88e-046b-428c-9715-19cad289f5ef,prettiest.film,available,65.99,65.99,high,low,9,namesilo,,,18/09/2026 03:32
2ee8c9a0-ecbf-4899-a36c-e521ea8d89d8,bryson.film,available,65.99,65.99,medium,low,6,namesilo,,,29/09/2026 15:28
7ff43647-792c-4829-90dd-fb70622428e9,rockford.film,available,65.99,65.99,high,low,8,namesilo,,,27/09/2026 15:41
6296ceb3-9a47-48bf-8c23-b181bf92e20d,sdi.film,premium,220,220,high,low,3,dynadot,,,02/10/2026 07:04
bd49ed26-6f43-4570-906c-b9dce3faab1b,digitiser.film,available,77.98,97.98,high,low,9,namecheap,,,19/09/2026 01:52
f8921877-add3-42a6-a94d-560ff87af261,bishkek.film,available,77.98,97.98,medium,low,7,namecheap,,,23/09/2026 21:43
1084cec6-9408-4187-a797-3e84f806f606,chivalric.film,available,65.99,65.99,high,low,9,namesilo,,,12/08/2026 06:09
b383a604-aa94-47c9-b0d6-207cae560c89,advocated.film,available,77.98,97.98,medium,low,9,namecheap,,,02/10/2026 21:39
ebb03ad5-d50a-4d82-b0f4-62f29ba8e8c7,squealed.film,available,65.99,65.99,low,low,8,namesilo,,,20/09/2026 17:30
d7bfbde4-ec8a-4818-953e-808a87c24645,laminar.film,available,77.98,97.98,high,low,7,namecheap,,,22/08/2026 19:07
7f9db4d1-9da5-462d-97c7-d1f49f6f8219,beryllium.film,available,65.99,65.99,medium,low,9,namesilo,,,20/09/2026 23:00
fa44bd54-280c-44ba-add3-2f5053e8dba5,oddball.film,premium,116,116,high,low,7,namesilo,,,14/08/2026 23:25
18d03bec-3ffe-4a7a-817c-a2783d107638,sight.film,available,77.98,97.98,high,low,5,namecheap,,,25/09/2026 20:56
6226bff1-f54d-48f4-a31e-3e1c32f17c91,lxxxiv.film,available,65.99,65.99,medium,low,6,namesilo,,,
6a84fba4-d412-4a6b-b2fc-21853eb7bcaf,natal.film,available,65.99,65.99,medium,low,5,namesilo,,,03/09/2026 13:37
9345ca7d-1224-4567-a1e4-0f761e88c04d,balanus.film,available,77.98,97.98,medium,low,7,namecheap,,,21/09/2026 21:03
3ff91017-bdb7-446d-a2d9-06ac2e8e77a4,whimsey.film,available,65.99,65.99,medium,low,7,namesilo,,,20/09/2026 00:43
bf8805e6-ccbb-4888-ba47-0db9be57d065,oblate.film,available,65.99,65.99,medium,low,6,namesilo,,,03/09/2026 23:35
eabd3773-ce60-4b34-8ed2-7796efffab95,adkins.film,available,65.99,65.99,medium,low,6,namesilo,,,29/09/2026 23:23
c31c658e-7e42-4967-86d7-838acbe56d53,humane.film,premium,116,116,high,low,6,namesilo,,,25/09/2026 06:31
a8f3a8b3-6581-4baa-bba7-05703d2ec407,dalmatian.film,available,89.99,113.99,high,low,9,name.com,,,13/08/2026 16:00
fd271796-8bdb-4903-94f1-5fa435ed2e91,arno.film,available,77.98,97.98,high,low,4,namecheap,,,20/09/2026 08:12
684186d2-e035-49a9-8b21-822e6c4abe7b,imperfect.film,premium,116,116,high,low,9,namesilo,,,21/08/2026 22:10
d28ad09e-5fd2-4505-b63c-4a7690e1664e,hdtv.film,available,65.99,65.99,high,low,4,namesilo,,,02/10/2026 15:39
f8e910f4-e825-4588-9eeb-ee8aafcbd471,sandinista.film,available,65.99,65.99,medium,low,10,namesilo,,,01/10/2026 23:29
d7932282-d87a-49ff-952e-74568205ec5e,norris.film,available,65.99,65.99,high,low,6,namesilo,,,23/09/2026 08:18
c98eb43d-a8a1-4ab0-8cce-fbc67f32744f,advertising.film,premium,116,116,high,low,11,namesilo,,,01/10/2026 02:54
70b42e90-9847-4288-94c7-bc85970d1170,polyphonic.film,available,65.99,65.99,medium,low,10,namesilo,,,08/09/2026 23:27
d05227ca-68c2-45ea-997e-147f08fcb40c,nasally.film,available,65.99,65.99,medium,low,7,namesilo,,,15/09/2026 16:10
bb0f6e52-ab12-402f-b6ea-56676ccf7212,variegate.film,available,65.99,65.99,medium,low,9,namesilo,,,25/08/2026 08:26
13d63ded-c1b1-4c3f-8d79-c6d32174f1fa,phytoplankton.film,available,77.98,97.98,medium,low,13,namecheap,,,02/10/2026 21:11
45a9b424-10a7-414e-a528-d435b3e27b13,bloated.film,available,65.99,65.99,medium,low,7,namesilo,,,02/10/2026 07:02
a8880261-98b7-4ee3-937d-dfa99281a112,indic.film,available,65.99,65.99,medium,low,5,namesilo,,,22/08/2026 03:16
43b8ac03-ff6d-4dfa-bb74-f2293ee195a0,technology.film,premium,116,116,high,low,10,namesilo,,,02/10/2026 16:11
3c5c7ca9-4102-44ed-8bc0-3db1a33aa3ad,lions.film,available,65.99,65.99,high,low,5,namesilo,,,02/10/2026 14:28
a6bdb9d8-957e-4aab-b11f-59668374324d,abode.film,available,65.99,65.99,high,low,5,namesilo,,,16/09/2026 16:25
1d5b2771-5825-488a-9076-5e20715c5a2d,imminent.film,available,77.98,97.98,high,low,8,namecheap,,,21/08/2026 20:55
fdb64cce-9538-4ae3-97c5-a906b8059be1,thames.film,available,65.99,65.99,high,low,6,namesilo,,,01/10/2026 03:33
6761ddae-232e-4e1a-87bc-0a4e89e491c1,natty.film,available,89.99,113.99,medium,low,5,name.com,,,13/08/2026 17:29
51da9fb7-dea4-4e04-9ec0-61a382caa3ab,actinia.film,available,65.99,65.99,medium,low,7,namesilo,,,17/09/2026 04:43
da481ac8-739d-42ca-b34e-bfe532304ab3,rsc.film,premium,220,220,high,low,3,dynadot,,,02/10/2026 19:24
6903f76c-ee4e-4e80-9477-b9ff53e74eed,shanxi.film,available,65.99,65.99,medium,low,6,namesilo,,,30/09/2026 13:24
818c1785-5c23-4894-a379-3c59120849ac,high.film,premium,116,116,high,low,4,namesilo,,,24/09/2026 13:54
4188521c-e126-43ce-819d-6ea36fdab3f4,odour.film,available,77.98,97.98,high,low,5,namecheap,,,20/09/2026 08:26
6f5213ef-2564-41ce-b0ec-68f190fce14f,davison.film,available,65.99,65.99,high,low,7,namesilo,,,28/09/2026 04:10
ae6d5035-4f1a-4fab-b95f-69ccd2c621da,strickland.film,available,65.99,65.99,medium,low,10,namesilo,,,28/09/2026 06:47
44c44de8-ad03-4cf3-b0e9-35c03e66019c,specious.film,available,65.99,65.99,high,medium,8,namesilo,,,10/09/2026 15:26
0631b522-c954-4ef9-9d6f-151cd7e2a388,bodied.film,available,65.99,65.99,medium,low,6,namesilo,,,10/08/2026 16:44
07b03db0-ed8c-4c13-abdd-b73fc338e5cc,alabaster.film,available,,,high,low,9,,,,
2f75b2b4-d15b-400c-a6a7-c2920b268d75,armored.film,available,77.98,97.98,high,low,7,namecheap,,,22/09/2026 08:00
85ae57a2-f9d1-4b5f-a5f8-6a0f1bdfd9d2,roster.film,available,65.99,65.99,high,low,6,namesilo,,,30/09/2026 02:44
3fb2779d-0df9-4f80-be97-f21622b2d5f0,assailant.film,available,65.99,65.99,medium,low,9,namesilo,,,17/09/2026 17:42
89ddb3cb-53ae-4be4-bda7-93d9e2ce9f7b,metz.film,available,77.98,97.98,high,low,4,namecheap,,,27/09/2026 07:39
240173bb-e16f-450c-8e11-4ab91e481bc5,lammas.film,available,65.99,65.99,medium,low,6,namesilo,,,21/09/2026 03:43
dec5151f-2267-4a03-9ae3-7ace472e8dcc,analogue.film,premium,116,116,high,low,8,namesilo,,,
a1a5d5f2-4847-4d5e-92ce-d93782699b71,ppe.film,premium,242,242,high,low,3,namesilo,,,02/10/2026 12:28
0c9916f7-315b-43c6-a3b1-23bb1a113f34,unflawed.film,available,65.99,65.99,medium,low,8,namesilo,,,18/08/2026 07:21
8b1f6321-9bfc-4949-95c8-90f950f7c5e8,tyro.film,available,65.99,65.99,medium,low,4,namesilo,,,23/09/2026 02:27
7beab72e-c6f1-4099-bf5f-802aa4ce17f9,male.film,premium,260,260,high,low,4,namecheap,,,25/09/2026 16:34
f278678a-76d6-41ad-8b0e-5a6c5eb1e588,cursory.film,available,65.99,65.99,high,low,7,namesilo,,,13/08/2026 11:41
1c4dba06-233f-4032-9b61-2cfdfeb3f082,bending.film,available,65.99,65.99,medium,low,7,namesilo,,,23/09/2026 07:44
827b9af6-4a00-4aa8-964f-d848b0ec3378,bangs.film,available,65.99,65.99,medium,low,5,namesilo,,,16/09/2026 16:40
08f8b1fc-31af-4b6b-9fce-9c001440267c,coast.film,premium,130,130,high,low,5,namecheap,,,29/09/2026 10:10
af0125a7-9ece-45b8-8741-90603ba7c0a9,souls.film,available,65.99,65.99,high,low,5,namesilo,,,
ae531326-d4e3-493e-976b-aea4f85780a3,nosy.film,available,65.99,65.99,medium,low,4,namesilo,,,03/09/2026 21:48
db64a556-2405-4822-9e8a-2ffe50c7079f,objectivity.film,available,64.42,64.42,high,low,11,dynadot,,,01/10/2026 13:53
805d5fe6-7c0f-4079-9b21-667b93bcee12,organ.film,available,64.42,64.42,high,low,5,dynadot,,,29/09/2026 17:54
ce6c43e7-996b-4dd2-bc94-98f169ff1b19,mitral.film,available,65.99,65.99,medium,low,6,namesilo,,,25/08/2026 02:10
b4911b6b-537c-4de8-bc1f-0bfcbc8419e3,nightmares.film,available,65.99,65.99,low,low,10,namesilo,,,29/09/2026 00:01
c996bd01-0505-4e5d-8156-50e67bad5f6f,maronite.film,available,65.99,65.99,medium,low,8,namesilo,,,02/10/2026 07:56
7f68edff-2f82-45ed-9655-b35e915c80e7,weismann.film,available,65.99,65.99,medium,low,8,namesilo,,,21/09/2026 03:48
090d5b1f-4cce-4d7e-9794-c6a65121abb8,accomplish.film,available,65.99,65.99,high,low,10,namesilo,,,28/09/2026 06:55
80efa0a7-0c08-4baf-8616-4a3e7ad20773,admonition.film,available,65.99,65.99,medium,low,10,namesilo,,,17/09/2026 09:03
815b2468-dd09-40c0-bb4f-976a0fb9bb6e,lemon.film,available,65.99,65.99,high,medium,5,namesilo,,,29/09/2026 09:32
44784ecf-cae9-4f74-a841-daf19f11fecd,pantry.film,available,65.99,65.99,high,low,6,namesilo,,,11/08/2026 11:54
8c965c40-1e55-4499-bb07-2e754849aa12,dignitary.film,available,65.99,65.99,high,low,9,namesilo,,,29/09/2026 14:54
ee04f05b-b8a3-4e45-8c6a-3b793bd9d203,health.film,premium,116,116,high,medium,6,namesilo,,,02/10/2026 03:51
f747cb6a-f3fc-4030-87c2-41c20404e265,expensive.film,premium,125,125,high,low,9,name.com,,,17/08/2026 18:10
c2fdc807-56b2-478c-80f8-e7ece26c61f4,aspheric.film,available,65.99,65.99,medium,low,8,namesilo,,,07/08/2026 04:52
a58f05b6-c0b2-4c0f-953b-e2744caefc2e,nobleman.film,available,77.98,97.98,high,low,8,namecheap,,,03/09/2026 18:00
2da4972c-0943-46af-b8c2-2c4e2b9cc430,fixtures.film,available,65.99,65.99,medium,low,8,namesilo,,,30/09/2026 00:04
38cd48fd-3601-4a09-9528-1a968805e8d3,parented.film,available,65.99,65.99,high,low,8,namesilo,,,08/09/2026 01:16
3971a152-2a9c-4b3e-8b90-b2fdadb67071,homoerotic.film,available,65.99,65.99,medium,low,10,namesilo,,,21/08/2026 12:51
c651bc1c-2381-4391-9bfa-f6b1a138c419,brown.film,premium,116,116,high,low,5,namesilo,,,23/09/2026 10:03
983e7066-f34d-44f1-80a4-36e09893dcf8,giving.film,premium,125,125,high,low,6,name.com,,,09/08/2026 20:55
24fae154-ab51-4425-9bda-5aa42fc26ec8,dared.film,available,77.98,97.98,medium,low,5,namecheap,,,29/09/2026 16:49
9d5d1880-39c4-4703-a196-5e51c4971194,simplicity.film,available,65.99,65.99,high,low,10,namesilo,,,29/09/2026 08:19
e886275f-91aa-4d29-8071-742568137fad,auvergne.film,available,77.98,97.98,medium,low,8,namecheap,,,21/09/2026 08:32
c1095261-2181-4653-aedc-9270791c12cd,corporations.film,available,64.42,64.42,medium,low,12,dynadot,,,29/09/2026 11:23
a89aed4f-5718-4bcc-9400-4dc6dc3174a4,analogical.film,available,65.99,65.99,medium,low,10,namesilo,,,
66c2e0cc-51bb-4c0a-9e06-5b61d41a5ed7,shackled.film,available,65.99,65.99,medium,low,8,namesilo,,,18/08/2026 02:56
e9d8c735-b7f9-41d6-ba78-9c955728ce14,isidore.film,available,65.99,65.99,medium,low,7,namesilo,,,30/09/2026 00:09
da1454ed-a756-4c18-8390-9247ed6f93c3,folger.film,available,77.98,97.98,medium,low,6,namecheap,,,02/10/2026 09:53
a86ad721-7411-4142-bf5c-e73641a7f59d,increased.film,available,65.99,65.99,high,low,9,namesilo,,,25/09/2026 08:09
783744bd-ead5-4199-bf0a-ef483100cfbc,toughest.film,available,77.98,97.98,medium,low,8,namecheap,,,30/09/2026 00:39
e40b0469-48ee-4886-8ff7-f21c5f7875ed,guilt.film,available,64.42,64.42,high,low,5,dynadot,,,29/09/2026 21:42
f7f98bd3-3573-4b65-b2c1-24f438d7b2cc,hurdles.film,available,77.98,97.98,high,low,7,namecheap,,,03/10/2026 01:15
27572f91-f566-4387-bd02-28ba3985fd72,boggy.film,available,65.99,65.99,medium,low,5,namesilo,,,10/08/2026 17:01
8627a39f-2e53-4683-a87a-43e69eb71849,reticular.film,available,65.99,65.99,medium,low,9,namesilo,,,09/09/2026 15:34
6113b5c2-fe81-43e9-bf73-dc369b4b719c,weaving.film,available,65.99,65.99,high,low,7,namesilo,,,29/09/2026 14:07
52eb5b89-c643-4d98-965c-255b6cdd6735,healey.film,available,65.99,65.99,medium,low,6,namesilo,,,29/09/2026 04:32
93b62d6c-bff2-4fd6-90c5-693fd6c0b96b,compositions.film,available,65.99,65.99,medium,low,12,namesilo,,,02/10/2026 01:26
62c8b0f7-738d-4e2d-8166-48066545dcba,referenced.film,available,65.99,65.99,high,medium,10,namesilo,,,09/09/2026 12:34
c26d5e1a-f5bc-4f28-a022-82bd22b1fa9e,trolling.film,available,65.99,65.99,high,low,8,namesilo,,,30/09/2026 13:58
b4f34752-5db2-4b97-9d65-bd06d7ce6854,marie.film,available,77.98,97.98,high,low,5,namecheap,,,25/09/2026 17:44
b05c5406-d7c8-4ee2-a049-df26aa5057b5,barometer.film,available,65.99,65.99,high,low,9,namesilo,,,22/09/2026 07:00
0258946e-f566-4bc0-9141-9760f31e92a3,paranoid.film,premium,116,116,high,low,8,namesilo,,,08/09/2026 01:06
ed47976a-3c6e-4a7b-bf79-263e565f938c,excitable.film,available,65.99,65.99,medium,low,9,namesilo,,,17/08/2026 16:22
5cf5865c-a98f-42eb-8417-91e3c0a880b8,doughy.film,available,65.99,65.99,medium,low,6,namesilo,,,14/08/2026 17:03
03baf349-d7b9-44bb-aaf4-a2b7bb3c00ec,freelance.film,available,65.99,65.99,high,low,9,namesilo,,,02/10/2026 11:04
06dc8c54-6884-4ad3-9682-1b02c8de85a5,amines.film,available,65.99,65.99,medium,low,6,namesilo,,,29/09/2026 11:37
5432ea00-105f-4ee0-bf98-3563ca5c3d5e,disposable.film,premium,116,116,high,low,10,namesilo,,,14/08/2026 12:03
b3736e3a-b5c4-4547-8332-cdd8fed68672,asd.film,premium,242,242,high,low,3,namesilo,,,29/09/2026 22:02
d8b88b2b-8097-462f-a9d9-db83b2074cf6,tamable.film,available,65.99,65.99,medium,low,7,namesilo,,,11/09/2026 07:36
3b43616d-3ad4-4b13-aa69-e12c510c6212,ascoma.film,available,77.98,97.98,medium,low,6,namecheap,,,20/09/2026 13:22
a460dc4b-b7b2-42be-b56b-013142458ad4,derogative.film,available,65.99,65.99,medium,low,10,namesilo,,,14/08/2026 03:10
5754fc82-2bc1-4881-bbdf-e9da0e21d9a4,cannot.film,available,65.99,65.99,high,low,6,namesilo,,,01/10/2026 01:49
f1b1cc79-24f0-4f9d-bf62-bf0ea966f10f,sten.film,available,77.98,97.98,high,low,4,namecheap,,,02/10/2026 17:44
329c0287-4b04-4e10-9435-46c92f3330fe,suppliant.film,available,65.99,65.99,medium,low,9,namesilo,,,11/09/2026 02:30
9e752de1-4b4e-4281-967d-29673b679083,squiffy.film,available,65.99,65.99,low,low,7,namesilo,,,09/08/2026 16:38
277ce178-d367-4b47-9a5d-15a4940391fc,ferret.film,available,65.99,65.99,high,low,6,namesilo,,,23/09/2026 23:49
6fb68047-a635-4bee-ba8b-8e073e3c99ad,retail.film,premium,116,116,high,low,6,namesilo,,,01/10/2026 15:26
fb685844-a338-408a-aa97-9f2cc0585d8b,mechanism.film,available,65.99,65.99,high,low,9,namesilo,,,24/09/2026 14:15
3fe5cf06-970d-4dc8-a6fd-ad0b01aa620e,curium.film,available,77.98,97.98,medium,low,6,namecheap,,,21/09/2026 00:13
27bf81df-8767-46eb-8a36-d8bf4a4cb667,buttermilk.film,available,65.99,65.99,high,low,10,namesilo,,,24/09/2026 11:20
8d7c719a-44f0-4111-989b-3dca6adb2a18,sum.film,premium,242,242,high,low,3,namesilo,,,02/10/2026 06:59
2f997fd4-5da4-45ee-8396-aa7945959ee5,syed.film,available,77.98,97.98,high,low,4,namecheap,,,02/10/2026 18:57
a1f06908-f239-4a8c-98e9-8af1667c61ce,congolese.film,available,65.99,65.99,high,low,9,namesilo,,,12/08/2026 21:54
25834056-f5ef-4442-8b2e-90ca13b5bb10,laughs.film,available,77.98,97.98,medium,low,6,namecheap,,,27/09/2026 03:15
8d3440f1-da70-4a4e-a9f1-b722c677445e,visioned.film,available,65.99,65.99,high,low,8,namesilo,,,20/09/2026 16:28
d40d5dbb-098b-4543-9f0f-df08374c396b,exalted.film,premium,116,116,high,low,7,namesilo,,,17/08/2026 15:38
48510e1a-5085-47cf-84b9-3a8ed20f8ca0,yoo.film,premium,242,242,high,low,3,namesilo,,,30/09/2026 03:49
bf44d728-8789-48ce-a5e1-cf20ed6b636d,athena.film,available,77.98,97.98,high,medium,6,namecheap,,,20/09/2026 20:35
cc7b8eaf-3424-409c-bb0d-623ff90c6624,northeast.film,available,65.99,65.99,medium,low,9,namesilo,,,28/09/2026 16:59
099a63d5-71b4-42a0-a317-993c146cb663,sway.film,available,65.99,65.99,high,low,4,namesilo,,,24/09/2026 12:53
cb41107b-1cca-4f09-bfcd-6ad8008324fd,balas.film,available,77.98,97.98,medium,low,5,namecheap,,,21/09/2026 21:07
6050f7b0-68c8-4dc6-8bb8-0758cae2664c,praiseful.film,available,77.98,97.98,medium,low,9,namecheap,,,22/08/2026 20:51
e0a2b98e-6e17-408d-8c47-28e4e1538cce,overhand.film,available,77.98,97.98,high,low,8,namecheap,,,04/09/2026 20:09
7f1ef9a4-01ca-434a-b956-dbf68d6b121a,edmunds.film,available,65.99,65.99,medium,low,7,namesilo,,,28/09/2026 16:36
4f688fae-bcca-4509-bf70-d1d539d70726,blvd.film,available,64.42,64.42,high,low,4,dynadot,,,02/10/2026 18:29
913aacf1-123c-4dbf-a104-eeff88c24840,supporter.film,available,65.99,65.99,high,low,9,namesilo,,,22/09/2026 10:07
6a5ba124-bee5-43d9-b2b6-abee3002f9c9,best.film,premium,1300,1300,high,medium,4,namecheap,,,22/09/2026 19:49
3e881b23-a7a5-4706-adb8-dd7f2f624a3b,combed.film,available,65.99,65.99,medium,low,6,namesilo,,,12/08/2026 18:33
d58799ba-8a22-42bf-b971-2a7e993104d7,cometary.film,available,77.98,97.98,medium,low,8,namecheap,,,12/08/2026 18:56
f3e5f989-4e0c-4e3e-bb17-8d4f18cecc01,counsellor.film,available,64.42,64.42,high,low,10,dynadot,,,29/09/2026 18:29
031ad72c-7d2f-4431-95bd-59f6ed7270a4,criminal.film,available,77.98,97.98,high,low,8,namecheap,,,23/09/2026 19:22
00c1b56b-0430-491c-8065-dad9ff6de018,castellano.film,available,77.98,97.98,medium,low,10,namecheap,,,01/10/2026 02:19
0064d455-b23c-4353-a330-41bf830ca582,blackpool.film,available,65.99,65.99,medium,low,9,namesilo,,,30/09/2026 05:52
75d5bf9f-6dbc-46c4-a6fb-e8c798cd6ceb,playacting.film,available,77.98,97.98,high,low,10,namecheap,,,
0821e499-65dc-4bcb-b96e-9378f1613481,provably.film,available,65.99,65.99,medium,low,8,namesilo,,,14/09/2026 11:29
9f17e1e9-08dd-4e83-8664-39af7eb44ba3,retracted.film,available,65.99,65.99,medium,low,9,namesilo,,,27/09/2026 13:32
119202b6-ce45-4dd7-bc47-0099d033c46b,spiritual.film,available,65.99,65.99,high,low,9,namesilo,,,06/08/2026 05:42
46f16105-f9d7-4ae0-a3c4-73d5779e01e2,kindred.film,available,65.99,65.99,high,low,7,namesilo,,,
c3f2753e-5f46-402b-937d-b45601d1a66b,bell.film,available,64.42,64.42,high,low,4,dynadot,,,28/09/2026 20:18
fb31ee4f-d5bc-4830-8134-788bd3868b73,habib.film,available,65.99,65.99,high,low,5,namesilo,,,29/09/2026 15:09
9d31d355-e6e4-4d45-9db1-b1cb7a1ce782,overlapping.film,available,77.98,97.98,high,low,11,namecheap,,,29/09/2026 08:54
0b1c6342-bb60-4af1-b365-fc6f25303ffd,raisins.film,available,64.42,64.42,medium,low,7,dynadot,,,02/10/2026 02:55
4fe7d7d2-3163-4aa5-b403-378505d5a484,beadwork.film,available,77.98,97.98,high,low,8,namecheap,,,22/09/2026 19:29
6908b638-7bf9-4ca4-aba8-8e3a206494da,subterranean.film,available,77.98,97.98,high,low,12,namecheap,,,02/10/2026 21:12
114b227e-4adf-4dff-90ec-8468c19627cc,parked.film,available,65.99,65.99,high,low,6,namesilo,,,08/09/2026 01:36
c7bb6da2-5211-4f4f-aef2-10cb22c4feed,forwarding.film,available,65.99,65.99,high,low,10,namesilo,,,30/09/2026 09:44
a614d50e-ee5a-472c-9988-00caf4fbfb71,sciences.film,available,65.99,65.99,medium,low,8,namesilo,,,02/10/2026 10:32
79ef91a1-763f-4fc0-8b7b-942fc020b55c,eli.film,premium,220,220,high,low,3,dynadot,,,27/09/2026 18:02
3f4cf45e-4c03-48ce-a4c0-3fbeae7b039b,anhydride.film,available,65.99,65.99,medium,low,9,namesilo,,,19/09/2026 08:24
5e86f3cb-390d-4f8c-af36-4f7c9058031f,flags.film,available,65.99,65.99,high,low,5,namesilo,,,02/10/2026 07:17
ea9ca334-9dc2-4c4b-863b-35f4c0116d4e,blasts.film,available,65.99,65.99,medium,low,6,namesilo,,,02/10/2026 13:35
ab8b1082-b72f-4ecc-96a1-d0db65d297b5,stalemated.film,available,89.99,113.99,low,low,10,name.com,,,13/08/2026 19:29
5ecbf275-5106-4070-a3dc-6b1a3b8e9b25,banksia.film,available,65.99,65.99,high,low,7,namesilo,,,22/09/2026 02:53
d0d01845-8cde-4b92-a9a1-689c4f998d27,accelerating.film,available,65.99,65.99,high,low,12,namesilo,,,01/10/2026 05:05
20c71789-4a3e-44aa-8f2c-89794a74a0fc,portend.film,available,65.99,65.99,medium,low,7,namesilo,,,21/09/2026 03:29
fa224128-a7b2-4c93-8a33-bb840dcc734d,kindergarten.film,available,77.98,97.98,high,low,12,namecheap,,,29/09/2026 05:20
50a08ac0-6f6c-4a14-86f0-10602d5e654b,camo.film,available,65.99,65.99,high,low,4,namesilo,,,29/09/2026 06:06
d5448afb-d3fc-48e6-a184-3a7c47aaece9,techno.film,available,65.99,65.99,high,low,6,namesilo,,,30/09/2026 12:53
1b2d01ae-1a5a-453f-8604-792b385700fc,joanna.film,available,77.98,97.98,high,low,6,namecheap,,,25/09/2026 11:35
55c290a1-7a35-4ccf-859b-c6797cb6b2b9,intends.film,available,65.99,65.99,medium,low,7,namesilo,,,29/09/2026 11:20
95f34e0c-7792-430c-9fe2-13bc657e6377,fibrous.film,available,65.99,65.99,medium,low,7,namesilo,,,18/08/2026 03:22
030d1e43-c74e-4612-8793-c528d380ad53,bellyful.film,available,77.98,97.98,medium,low,8,namecheap,,,23/09/2026 06:51
66cabcc7-3c77-46e4-b70e-35fd838d6817,averment.film,available,65.99,65.99,medium,low,8,namesilo,,,20/09/2026 16:16
fbc70100-ac2a-415d-9e1d-81d7b64cf3bc,andrey.film,available,77.98,97.98,high,low,6,namecheap,,,29/09/2026 15:52
4b1ddd90-898c-4aa1-a559-7ad44a981b6b,firm.film,available,65.99,65.99,high,low,4,namesilo,,,02/10/2026 12:23
06bdd08a-031f-41f1-982b-776f906345c2,bharatiya.film,available,65.99,65.99,high,low,9,namesilo,,,02/10/2026 07:20
1bcc93dc-9640-4b33-9d15-afafe97a4d08,incest.film,available,65.99,65.99,medium,low,6,namesilo,,,30/09/2026 17:41
c31031c6-c42d-4815-9416-9da73e55caf4,cns.film,premium,220,220,medium,low,3,dynadot,,,28/09/2026 09:21
a4bb5164-f4b7-4787-92e6-82c094158352,presented.film,available,65.99,65.99,medium,low,9,namesilo,,,28/09/2026 08:35
92e7656a-ed2b-43d4-af4b-eb04b15fded8,researcher.film,available,65.99,65.99,high,low,10,namesilo,,,01/10/2026 11:13
eef778d3-8e2e-4710-a6ba-26aa823e4548,renault.film,available,65.99,65.99,high,medium,7,namesilo,,,28/09/2026 08:37
f48cc1a5-7ab4-428f-a429-b529fb0359a9,gallipoli.film,available,65.99,65.99,medium,low,9,namesilo,,,29/09/2026 22:32
cf7b6a7d-e7c7-49f8-9ea9-452c054f6b18,diversion.film,available,65.99,65.99,high,low,9,namesilo,,,24/09/2026 23:18
2363aa21-48a4-4332-ac02-4015053957ba,ascendence.film,available,65.99,65.99,medium,low,10,namesilo,,,20/09/2026 13:04
136331af-a4cd-4380-9cd8-64aaa89aad4e,bundles.film,available,64.42,64.42,medium,low,7,dynadot,,,01/10/2026 18:17
6ab56e2a-a8a8-4683-aa94-f8ef4fba4807,homy.film,available,65.99,65.99,medium,low,4,namesilo,,,21/08/2026 11:08
51ddae3e-25a1-47af-a3b5-aa137ffc5664,colonists.film,available,65.99,65.99,medium,low,9,namesilo,,,01/10/2026 16:49
b02d2a71-923c-482c-a53c-d95990518677,imposing.film,available,77.98,97.98,high,low,8,namecheap,,,08/08/2026 20:16
a8121f84-7fdb-4f10-94ae-d1acbbf0d13a,surveys.film,available,65.99,65.99,high,low,7,namesilo,,,17/09/2026 07:59
7fd66cb9-fe0a-49b1-b2c7-bf93d8c670e9,graduating.film,available,77.98,97.98,low,low,10,namecheap,,,28/09/2026 12:36
5224f1fc-67e3-4ad4-b0a4-d062fd59171e,uss.film,premium,260,260,high,low,3,namecheap,,,25/09/2026 13:39
4781447d-86aa-44fa-a143-81cea3759f21,optically.film,available,77.98,97.98,medium,low,9,namecheap,,,15/09/2026 18:03
a0595487-773e-4f32-8b03-9435c4e2bc9b,patrolling.film,available,77.98,97.98,high,low,10,namecheap,,,02/10/2026 07:25
9d548173-ce35-42bd-9040-b6e147f9a35a,riches.film,available,64.42,64.42,high,low,6,dynadot,,,28/09/2026 20:20
b26a8e70-8390-4c19-9d61-00374e3df922,donovan.film,available,77.98,97.98,high,low,7,namecheap,,,28/09/2026 16:02
a044a905-3bc8-4a98-bfa2-341e5ec64c63,conceptual.film,available,77.98,97.98,high,low,10,namecheap,,,12/08/2026 20:05
9c69005e-b6dc-4d1e-82fc-def1c45cc1d0,arbalist.film,available,65.99,65.99,medium,low,8,namesilo,,,20/09/2026 00:35
8a65350a-4fa6-4138-a933-8192ff424e65,thinly.film,available,65.99,65.99,medium,low,6,namesilo,,,11/09/2026 13:26
4ceb20a0-627a-4dac-bc99-17726abd7fea,tonal.film,available,65.99,65.99,high,low,5,namesilo,,,11/09/2026 16:59
56f895fc-518c-4a90-8363-a29d60773d3b,langdon.film,available,77.98,97.98,medium,low,7,namecheap,,,28/09/2026 16:35
1eb7e916-7f78-4d6d-a6d5-6b50b6859851,hanoverian.film,available,65.99,65.99,medium,low,10,namesilo,,,20/08/2026 23:44
489d3fa7-71ee-4039-8a26-26ac44c2f183,promiscuous.film,available,65.99,65.99,medium,low,11,namesilo,,,01/10/2026 22:33
12bc219d-a1fb-4d1a-9e78-e6724756c021,wholly.film,available,65.99,65.99,high,low,6,namesilo,,,
21b4cb83-b95a-4098-ab2b-e58283a94b70,ronan.film,available,64.42,64.42,high,low,5,dynadot,,,30/09/2026 13:22
33b6d565-8afb-43e2-868b-c2a9bb7e2d0c,mbc.film,premium,242,242,high,low,3,namesilo,,,01/10/2026 07:39
6ebc5e44-3948-4765-bfe2-96fd3425255e,balkans.film,available,65.99,65.99,medium,low,7,namesilo,,,21/09/2026 22:15
002cc5be-236e-40d4-9eb0-7fdc5fa1f9c0,service.film,premium,130,130,high,medium,7,namecheap,,,01/10/2026 05:32
91462ec5-0e6c-4ba1-b4d6-520b98dae321,charlestown.film,available,64.42,64.42,medium,low,11,dynadot,,,28/09/2026 12:26
2a4e3f34-2e38-411a-af0a-6a678f74d4e7,pittsfield.film,available,65.99,65.99,medium,low,10,namesilo,,,29/09/2026 07:52
0d37bdd1-a615-4ceb-851d-b6c98e7e3bce,impressed.film,available,77.98,97.98,high,low,9,namecheap,,,01/10/2026 17:56
a636b415-a9a0-4c27-afc6-f6ea1e24dae8,olympian.film,premium,116,116,high,low,8,namesilo,,,17/08/2026 16:01
4d84b667-7ae0-47ef-bc4d-54750eff1695,xxvi.film,available,65.99,65.99,medium,low,4,namesilo,,,21/09/2026 12:52
d917bead-e267-4493-9e4d-40257f4ae408,innermost.film,available,65.99,65.99,medium,low,9,namesilo,,,22/08/2026 05:53
e95c24d9-5130-4071-929e-882466cffcf3,cooled.film,available,65.99,65.99,medium,low,6,namesilo,,,30/09/2026 06:31
a2a8284c-80ef-4520-84cb-97b8f951fe83,chirping.film,available,65.99,65.99,high,low,8,namesilo,,,01/10/2026 23:22
c12ba979-f0bb-4e6c-ba1e-e21821c920a4,tuition.film,available,65.99,65.99,high,low,7,namesilo,,,28/09/2026 15:30
041b764e-2fa4-4c8e-a6d6-cf2aefd376ce,cleft.film,available,65.99,65.99,high,low,5,namesilo,,,12/08/2026 10:39
e79a3804-2119-40d6-aa05-fa70049464cf,medication.film,available,64.42,64.42,high,low,10,dynadot,,,30/09/2026 04:14
f452d694-28ee-497c-828a-55363728530d,irt.film,premium,242,242,low,low,3,namesilo,,,29/09/2026 03:54
2c7c1016-1b3b-407d-9498-042baa893575,civilizations.film,available,65.99,65.99,medium,low,13,namesilo,,,01/10/2026 01:05
2f683642-59a5-4ada-b03a-3621ff054396,cabaret.film,available,65.99,65.99,high,low,7,namesilo,,,30/09/2026 16:32
2aeae91b-360e-4a46-95d5-b62b1b73d78b,presumption.film,available,77.98,97.98,medium,low,11,namecheap,,,01/10/2026 15:05
143c2f57-8dda-4290-b4c8-2d0693f4532f,indigen.film,available,65.99,65.99,medium,low,7,namesilo,,,03/09/2026 13:47
924e51b7-9a26-488a-9817-c092859d6dab,algebraist.film,available,77.98,97.98,medium,low,10,namecheap,,,18/09/2026 06:55
17283e39-84cc-4cba-91fd-471f01cbb651,robotic.film,available,64.42,64.42,high,low,7,dynadot,,,02/10/2026 22:08
be10cadd-5422-46e0-a535-f3631c27fced,hoagy.film,available,77.98,97.98,high,low,5,namecheap,,,24/09/2026 20:07
c8d958ad-e9ed-47ad-9910-b3a1d58293ea,piquant.film,available,65.99,65.99,high,low,7,namesilo,,,17/08/2026 07:38
75e198ba-4041-4b2b-8df7-3674dcdcb7bf,bombay.film,available,64.42,64.42,medium,low,6,dynadot,,,29/09/2026 00:15
8cf88628-d1d9-47f6-9e84-dcf2961e067d,papaw.film,available,65.99,65.99,medium,low,5,namesilo,,,20/09/2026 14:12
32b7e51f-85ab-4f53-b8fc-5c785d546f36,hickey.film,available,65.99,65.99,medium,low,6,namesilo,,,02/10/2026 05:14
e9ba4be4-42c0-4bb8-8b6e-63c5ef9f9c99,inhabit.film,available,65.99,65.99,high,low,7,namesilo,,,24/08/2026 07:51
6928d4c5-11ae-4f4e-bf80-301b604d64fb,discrete.film,premium,116,116,high,low,8,namesilo,,,14/08/2026 10:02
1215a94f-45a0-4ec6-89c6-797c363ce29e,balkan.film,available,65.99,65.99,high,low,6,namesilo,,,21/09/2026 22:14
5cf04819-3435-4f3d-9924-e52b27e2f48a,hunts.film,available,77.98,97.98,medium,low,5,namecheap,,,01/10/2026 23:56
153549d9-1768-4d2d-a231-a0d5c9a94cf5,jazz.film,available,77.98,97.98,high,low,4,namecheap,,,29/09/2026 20:07
48f5263d-d69b-4fe3-8a14-3d580f187ad7,valid.film,premium,130,130,high,low,5,namecheap,,,28/09/2026 10:05
13d2d9dd-59c7-4c33-9c82-cd7afbe516e0,snowballs.film,available,65.99,65.99,medium,low,9,namesilo,,,19/09/2026 21:49
64c7096f-8164-430e-99b2-21cb55b84034,llb.film,premium,242,242,medium,low,3,namesilo,,,21/09/2026 14:13
29cf153b-5127-46dd-a3f7-30529ea44105,chores.film,available,77.98,97.98,medium,low,6,namecheap,,,29/09/2026 17:46
ab0ba1d1-43ed-43ed-9bde-d25c2f29cf74,isolated.film,premium,116,116,medium,low,8,namesilo,,,22/09/2026 07:07
25ab7d0c-20ed-48ac-951a-ed09f7ef9f12,foresight.film,available,65.99,65.99,high,low,9,namesilo,,,01/10/2026 02:12
7c215831-bf54-401b-bb69-ceb88e607f67,carambola.film,available,65.99,65.99,medium,low,9,namesilo,,,21/09/2026 09:14
474d1537-d67d-4df5-a53c-33e478167a4a,transfixed.film,available,65.99,65.99,medium,low,10,namesilo,,,17/08/2026 22:56
59ad6eee-f39d-4ce9-99d2-beec5b6fbc62,mates.film,available,65.99,65.99,high,low,5,namesilo,,,28/09/2026 10:21
e5cae97d-68c1-48b8-95dd-2b0e8749ac50,teaches.film,available,65.99,65.99,medium,low,7,namesilo,,,28/09/2026 08:58
7f23fe44-4757-4c01-83ff-a1da8fe32c64,tsh.film,premium,242,242,high,low,3,namesilo,,,03/10/2026 02:15
22708ed6-e7b3-46cb-b632-6b743cfeb7da,cosmo.film,available,64.42,64.42,high,high,5,dynadot,,,02/10/2026 18:14
fa003987-51d1-4c1a-affa-7f7840fcf50e,indirect.film,available,65.99,65.99,high,low,8,namesilo,,,12/08/2026 16:43
d40a066c-0249-446d-8e49-763fc3fa1438,volleyball.film,premium,130,130,high,low,10,namecheap,,,30/09/2026 14:37
f10cb436-5b05-49fa-8f04-2de4f9ee7207,gutless.film,available,77.98,97.98,medium,low,7,namecheap,,,20/08/2026 21:12
c2bd4931-9091-4dcf-82a6-d02e5a069026,fiberoptic.film,available,65.99,65.99,medium,low,10,namesilo,,,18/08/2026 03:12
903d0ffd-bae2-4df6-b8e4-de4f52c4e467,atonality.film,available,65.99,65.99,medium,low,9,namesilo,,,21/09/2026 00:25
2e992f8f-9ada-4f76-8e40-d14cca273214,cistercian.film,available,77.98,97.98,medium,low,10,namecheap,,,29/09/2026 18:21
40b4e648-0d0e-42b2-93b3-ec7853592533,norseman.film,available,77.98,97.98,medium,low,8,namecheap,,,03/09/2026 21:43
2371c5db-f497-4a9b-a5b0-051b86bc4a6f,duties.film,available,65.99,65.99,medium,low,6,namesilo,,,27/09/2026 22:05
2fd4e9c8-be2a-4725-9028-b4e4ee0155a7,shivaree.film,available,65.99,65.99,medium,low,8,namesilo,,,23/09/2026 06:07
32d7fe99-0d39-4d64-be0b-51ddbba77cfe,lxxv.film,available,77.98,97.98,medium,low,4,namecheap,,,
5c9dde5d-07d5-46f9-8ce0-985cabe11ef7,lupine.film,available,65.99,65.99,medium,low,6,namesilo,,,24/08/2026 11:39
c4ae6dee-477e-4bfe-a479-4518297be4b6,asbestos.film,available,65.99,65.99,high,low,8,namesilo,,,20/09/2026 12:54
d44eee07-be36-4756-a86e-800498dc2459,cupric.film,available,65.99,65.99,medium,low,6,namesilo,,,13/08/2026 10:49
5b34173c-b8a7-4658-b7bf-4a42dab6a65a,vom.film,premium,242,242,medium,low,3,namesilo,,,30/09/2026 03:43
35b09baa-b45e-490c-a752-243849858e32,mirrored.film,available,65.99,65.99,high,low,8,namesilo,,,25/08/2026 01:11
9eebcedf-b359-4933-9140-1efb603e3ba1,senegalese.film,available,65.99,65.99,medium,low,10,namesilo,,,10/09/2026 03:43
3d4c5b14-4c72-4ba2-a3f3-8f71f8f14281,wexford.film,available,65.99,65.99,medium,low,7,namesilo,,,28/09/2026 21:57
49efc790-4667-4b85-b6bf-9ccbb0f75ff0,alleviator.film,available,65.99,65.99,medium,low,10,namesilo,,,04/09/2026 23:48
bd4e7339-b4ad-474b-9bfd-70d3f23fc875,nominations.film,available,119.99,119.99,medium,low,11,godaddy,,,01/10/2026 00:32
d2a5e68d-9ee3-49a7-857e-2be8acbf500c,slyness.film,available,65.99,65.99,medium,low,7,namesilo,,,13/08/2026 10:43
10fa3f5a-1955-4557-b5ad-1b2be404f21c,firsthand.film,available,77.98,97.98,high,low,9,namecheap,,,01/10/2026 13:24
820c5e84-9cb2-4a68-a2fb-faae3439e0b0,objected.film,available,89.99,113.99,medium,low,8,name.com,,,18/09/2026 23:50
fadb83c0-af46-4060-843f-5f957697dff4,embark.film,available,77.98,97.98,high,low,6,namecheap,,,29/09/2026 20:34
10ea6b80-861b-47f0-8ec5-647c6b845332,tutor.film,available,64.42,64.42,high,low,5,dynadot,,,28/09/2026 10:46
15b24ed0-a3d8-4556-916f-fff3c6065937,readily.film,available,65.99,65.99,medium,low,7,namesilo,,,15/09/2026 21:42
4d9ec5c7-180d-4861-a3d2-dbb4d9d14882,unclear.film,available,77.98,97.98,high,low,7,namecheap,,,21/08/2026 19:00
bdca62c0-a4e5-4b97-89b3-52df516637bf,reviewers.film,available,77.98,97.98,high,low,9,namecheap,,,21/09/2026 09:06
eaac07d8-7677-422c-8fc7-572c79239b32,bimanual.film,available,65.99,65.99,medium,low,8,namesilo,,,09/08/2026 22:36
75b79c1f-f945-429a-8a01-8acb20bc6a89,issuer.film,available,65.99,65.99,high,low,6,namesilo,,,30/09/2026 10:16
b48fa6d6-b61a-4379-a1d9-cbf7642d0f84,hyman.film,available,77.98,97.98,medium,low,5,namecheap,,,28/09/2026 16:48
e396031d-7efe-4ad5-82f7-9ce0e2e47f0d,skimpy.film,available,65.99,65.99,medium,low,6,namesilo,,,10/09/2026 09:36
8b0267aa-f95d-4f8f-8d36-5e80116477fd,garnering.film,available,77.98,97.98,high,low,9,namecheap,,,30/09/2026 11:55
e64f1801-96cd-4acf-bb4f-0a67f53c4624,residency.film,available,65.99,65.99,high,low,9,namesilo,,,29/09/2026 07:59
7fb1f4bc-e044-450e-b4d7-66891c71e729,patton.film,available,65.99,65.99,high,low,6,namesilo,,,25/09/2026 16:06
ab3ad9d9-94d6-4441-8c24-4dba3458b2f6,vagina.film,premium,220,220,high,low,6,dynadot,,,28/09/2026 15:31
5959b8bc-edd6-4781-801c-17afaaa9ca2d,ezra.film,available,77.98,97.98,high,low,4,namecheap,,,28/09/2026 18:27
b47f9f50-03b8-4a49-bc1e-1313348c3bd2,passcode.film,available,65.99,65.99,high,low,8,namesilo,,,02/10/2026 03:23
d8c42886-e8fe-4c40-a474-154b2e0f6b26,punily.film,available,65.99,65.99,low,low,6,namesilo,,,15/09/2026 22:01
9565e28a-c822-42d8-b979-9e8405759e93,cabs.film,available,65.99,65.99,medium,low,4,namesilo,,,02/10/2026 03:57
e785fcda-9af0-4b17-bf12-b7f0c7dfa79d,barbican.film,available,77.98,97.98,medium,low,8,namecheap,,,22/09/2026 04:18
8abae066-3f3e-44c8-8201-f7944d1b831c,ferguson.film,available,77.98,97.98,high,low,8,namecheap,,,25/09/2026 17:55
236850f2-2f33-4aa7-9039-c169010e7a0c,beast.film,premium,116,116,high,low,5,namesilo,,,22/09/2026 04:42
559e4552-5307-482b-8fc8-ee44d75e18d7,jury.film,premium,116,116,high,low,4,namesilo,,,25/09/2026 08:06
0413a3e9-b425-478b-be37-944e84e26347,advocate.film,available,77.98,97.98,high,low,8,namecheap,,,28/09/2026 19:06
b659b2f9-5232-4bb9-95b1-b7b040ff2fa2,ecg.film,premium,242,242,high,low,3,namesilo,,,30/09/2026 00:58
6c2689b8-f5b3-4381-8256-c3c89df656d2,pravda.film,available,77.98,97.98,high,low,6,namecheap,,,29/09/2026 09:14
eb82275a-9abe-4182-bf23-1097f00fbf93,alimony.film,available,64.42,64.42,medium,low,7,dynadot,,,28/09/2026 20:27
d2711b3b-19bc-4054-9bec-37c91054f435,germy.film,available,65.99,65.99,medium,low,5,namesilo,,,18/08/2026 22:53
f760898d-98b1-4f7c-9185-4eabb77b42ef,zoned.film,available,65.99,65.99,high,low,5,namesilo,,,01/10/2026 22:40
ff86cd4d-dc74-443a-a450-02a8dedfd28a,wrongdoing.film,available,77.98,97.98,medium,low,10,namecheap,,,17/09/2026 05:25
2a3da999-9b67-415d-8211-91d587ed571e,eared.film,available,65.99,65.99,medium,low,5,namesilo,,,14/08/2026 14:39
c12677dc-313b-41fb-b040-0e563db7fec7,rajput.film,available,65.99,65.99,high,low,6,namesilo,,,01/10/2026 03:24
4f5ff8ce-10a0-4426-b958-9614b614c200,fanny.film,available,65.99,65.99,medium,low,5,namesilo,,,09/08/2026 12:00
95a1c46e-8cd3-4bb5-bb65-123b31f9b1ac,dungeon.film,available,77.98,97.98,high,low,7,namecheap,,,24/09/2026 23:29
9fd4b626-c7c1-446a-ae6b-c805ea32db37,morbid.film,available,65.99,65.99,medium,low,6,namesilo,,,14/08/2026 10:10
c215f5ac-8cf3-4c48-92e9-f1140a213377,asch.film,available,65.99,65.99,high,low,4,namesilo,,,20/09/2026 13:15
5177bf35-c2e9-4334-b1b8-5df32d53072d,vasari.film,available,77.98,97.98,medium,low,6,namecheap,,,01/10/2026 19:48
2d6959f5-4b52-436d-8798-db48988bcbaf,vienne.film,available,64.42,64.42,medium,low,6,dynadot,,,02/10/2026 04:28
60574569-d8bc-47c4-af28-67c38c69ec62,nourishment.film,available,65.99,65.99,high,low,11,namesilo,,,30/09/2026 22:35
f5e4d801-19e5-46d6-ade2-a0531ee30d2a,canny.film,premium,116,116,medium,low,5,namesilo,,,11/08/2026 13:23
dee37227-4371-49e7-bb9c-3469c69ea809,shrewdly.film,available,65.99,65.99,medium,low,8,namesilo,,,13/09/2026 22:22
30b9b4c5-38ae-4877-b057-ce8c561c1fb7,dixon.film,available,65.99,65.99,medium,low,5,namesilo,,,25/09/2026 17:44
a49835df-4f82-4aee-a798-f13c2ccdb79c,antilles.film,available,65.99,65.99,medium,low,8,namesilo,,,19/09/2026 14:37
45299fe1-26ad-4f5e-b14e-7e29cb738952,parameters.film,available,65.99,65.99,medium,low,10,namesilo,,,30/09/2026 00:21
a091264c-c4ce-4c6c-a903-9046b4dae6b9,wahl.film,available,65.99,65.99,medium,low,4,namesilo,,,02/10/2026 13:12
44cc1c27-613b-45b2-91e1-a0b57bfb274f,slapstick.film,premium,116,116,high,low,9,namesilo,,,10/09/2026 10:03
39eaa6b6-e72a-449e-acc9-21ddf97225b2,returnable.film,available,65.99,65.99,high,low,10,namesilo,,,09/09/2026 15:55
77f10e53-883d-4cf5-b039-a30b8f384ef2,ashes.film,available,65.99,65.99,medium,low,5,namesilo,,,27/09/2026 09:10
f15810fa-da13-43c5-9357-526d7a2a9ca4,crossover.film,available,65.99,65.99,high,low,9,namesilo,,,30/09/2026 09:18
82e15c5c-6354-4c1e-94ba-fb9479c5b63a,combative.film,premium,125,125,medium,low,9,name.com,,,
6c7b8707-4345-4416-b431-616cb8e398b6,deposit.film,available,65.99,65.99,high,low,7,namesilo,,,28/09/2026 20:39
e9213b32-c146-43ea-9a3e-02e05ba661ea,manufactured.film,available,65.99,65.99,high,low,12,namesilo,,,29/09/2026 08:36
8c6e4112-85b6-4692-a2be-46cc0492884b,ultimate.film,premium,116,116,high,low,8,namesilo,,,11/09/2026 22:50
e62e6d8d-3782-4764-8dbb-55a28ae4b164,shitlist.film,available,65.99,65.99,medium,low,8,namesilo,,,24/09/2026 00:19
9bb6c784-dcca-4145-aa87-b14c23c98cf6,affirmable.film,available,65.99,65.99,medium,low,10,namesilo,,,
4c246524-1bdb-43f6-bb88-9a46c6925c17,handwriting.film,available,65.99,65.99,medium,low,11,namesilo,,,28/09/2026 12:30
f32bd6e7-3374-4dce-b87c-ac2899abe1bd,equitable.film,premium,116,116,high,low,9,namesilo,,,17/08/2026 11:54
4d81cf1f-d5c7-4f97-b6fc-027b415a896c,fit.film,premium,260,260,high,medium,3,namecheap,,,24/09/2026 18:48
ba6fc2a9-ac73-4748-a020-d83021a79916,dill.film,available,89.99,113.99,high,low,4,name.com,,,19/09/2026 05:36
abd5cff3-c31e-495c-99a7-724165815f35,aegir.film,available,65.99,65.99,medium,low,5,namesilo,,,14/08/2026 22:18
6995fdf9-a735-4cdb-be0a-0b0cccc4ac59,incan.film,available,65.99,65.99,medium,low,5,namesilo,,,22/08/2026 00:44
e4ac9b00-9eaa-4773-8b1a-1e1a56de4436,risks.film,available,65.99,65.99,medium,low,5,namesilo,,,20/09/2026 06:40
44d2cb87-14af-441d-bfd1-1f46c19ecd56,vermin.film,available,65.99,65.99,medium,low,6,namesilo,,,02/10/2026 17:04
85b6927b-28e6-4a30-9ac3-92633ea8635a,hawkes.film,available,77.98,97.98,high,low,6,namecheap,,,29/09/2026 15:44
0cf9690d-2d5b-4987-a4fd-27eb585a751d,beltway.film,available,65.99,65.99,high,low,7,namesilo,,,23/09/2026 07:15
bd561d2f-fff8-4d65-a010-56b150f55347,nancy.film,available,65.99,65.99,medium,low,5,namesilo,,,25/09/2026 09:33
38b87d5d-9d1a-44b2-bf74-b9d0b52fa08a,amputation.film,available,65.99,65.99,medium,low,10,namesilo,,,18/09/2026 23:52
6eb32173-bc85-469e-aaa8-fab87111075d,charcot.film,available,65.99,65.99,medium,low,7,namesilo,,,02/10/2026 23:56
5c12681d-98ab-42d4-84dd-c1af41ddd74a,agreeing.film,available,65.99,65.99,high,low,8,namesilo,,,28/09/2026 15:41
bfe0a99e-25f8-48b0-95c6-1ed425fdea04,bollinger.film,available,77.98,97.98,medium,low,9,namecheap,,,02/10/2026 20:38
8cfbfa4a-189e-43f6-b776-534555056ddb,dreamt.film,available,77.98,97.98,high,low,6,namecheap,,,02/10/2026 21:17
3525bd81-11e5-456e-a935-4461c199ee62,turnovers.film,available,65.99,65.99,medium,low,9,namesilo,,,19/09/2026 22:02
9e10cbaa-b3a2-4665-bca4-bd71728747e2,pepperidge.film,available,77.98,97.98,medium,low,10,namecheap,,,24/09/2026 00:49
e10dd356-556c-43e7-b4fc-6640cdbb7248,read.film,premium,242,242,high,medium,4,namesilo,,,26/09/2026 00:08
8e817e3a-d133-4e3e-96e5-96755642de46,cea.film,premium,242,242,high,low,3,namesilo,,,29/09/2026 17:12
5e323967-a4e0-4db2-9711-cd9b1b833e7e,crowley.film,available,65.99,65.99,medium,low,7,namesilo,,,27/09/2026 01:51
c7cb1606-ba75-4ec7-8198-ed107a30cda2,volition.film,available,65.99,65.99,high,low,8,namesilo,,,13/09/2026 12:00
dd810408-4f65-4eef-b0e1-5da3892e909d,cashel.film,available,64.42,64.42,medium,low,6,dynadot,,,03/10/2026 04:18
4327c9be-bf5a-4a1f-846e-65d9b8885198,composition.film,premium,116,116,medium,low,11,namesilo,,,28/09/2026 22:45
bfc79280-2bdc-422a-8fc7-7fef41401bbf,nonesuch.film,available,77.98,97.98,medium,low,8,namecheap,,,03/09/2026 20:13
6254369c-a616-474c-b69b-b84a90e94856,toscanini.film,available,65.99,65.99,medium,low,9,namesilo,,,20/09/2026 12:05
e76deebb-1e06-42f9-9a1b-d714a632922a,rambo.film,premium,242,242,high,low,5,namesilo,,,01/10/2026 23:13
b8b3b326-ea20-4c65-8c3d-5a51ca7d4b3b,delusory.film,available,77.98,97.98,low,low,8,namecheap,,,13/08/2026 21:18
b8d95942-83ff-4438-bb73-696c497dbafc,benchmark.film,available,65.99,65.99,high,low,9,namesilo,,,23/09/2026 07:38
00f03f0b-8a30-407b-849a-88be29e232ec,operable.film,available,65.99,65.99,medium,low,8,namesilo,,,04/09/2026 16:20
c53b7831-efe5-4c4d-94db-2fafb0fd202e,shelbyville.film,available,65.99,65.99,medium,low,11,namesilo,,,02/10/2026 09:39
3544d108-cd73-4233-9372-5ec61bb5537b,mariah.film,available,65.99,65.99,high,low,6,namesilo,,,30/09/2026 04:14
0413234a-756d-4c76-88b9-dc9c41005a60,seafood.film,available,65.99,65.99,high,low,7,namesilo,,,08/09/2026 02:47
b3221926-4216-4c00-bbf5-4dceaeaec3cc,positioning.film,available,65.99,65.99,high,low,11,namesilo,,,29/09/2026 14:53
3261630e-cb40-4785-b801-d27ed6c62cbb,domesday.film,available,65.99,65.99,medium,low,8,namesilo,,,29/09/2026 09:11
69618a4b-7482-413a-b7b0-411150533466,pondering.film,available,65.99,65.99,high,low,9,namesilo,,,11/08/2026 06:01
ca23744c-84b2-4541-b5f1-14a89a45ee47,shh.film,premium,242,242,high,low,3,namesilo,,,01/10/2026 02:14
8a7e2a89-1ac7-44be-945e-503306695679,cheerfully.film,available,65.99,65.99,high,low,10,namesilo,,,28/09/2026 13:48
c6fefb25-b3e2-4f36-afd3-2eb973321984,asks.film,available,77.98,97.98,medium,low,4,namecheap,,,25/09/2026 17:36
97e5aa16-ebf5-4956-8763-2e8e98c88c22,achaean.film,available,65.99,65.99,medium,low,7,namesilo,,,
8330e28f-1b46-4ddc-8375-1d2028d05298,immersive.film,resell,,,high,low,9,,,,03/10/2026 03:47
1fd52007-983b-42ad-af33-73dd2782f6d8,piglet.film,available,65.99,65.99,high,low,6,namesilo,,,19/09/2026 22:30
44200d16-50fa-4cf6-897f-7a126d66da90,bequest.film,available,65.99,65.99,high,low,7,namesilo,,,23/09/2026 09:04
1fc58f0d-e752-4e0c-8dd4-f0c4c7669204,alizarin.film,available,77.98,97.98,medium,low,8,namecheap,,,18/09/2026 08:12
6086c230-149b-4944-93db-b65602e5b73a,reinforce.film,available,64.42,64.42,high,low,9,dynadot,,,29/09/2026 20:46
299be1db-193e-4bd5-b2a6-a746bdcc8955,flustered.film,available,65.99,65.99,medium,low,9,namesilo,,,18/08/2026 09:29
c0726afe-d68b-43cb-96c6-62283ebf6bc7,littler.film,available,65.99,65.99,medium,low,7,namesilo,,,24/08/2026 07:33
38e56b23-c67b-4323-9ed7-56d475124ef7,hodge.film,available,65.99,65.99,medium,low,5,namesilo,,,29/09/2026 15:06
c8f4bf1b-cce9-4e87-8fec-8e67b33f51fc,naught.film,available,65.99,65.99,medium,low,6,namesilo,,,03/09/2026 22:40
74503331-9620-4151-9483-73025ad82a6e,bracing.film,available,65.99,65.99,high,low,7,namesilo,,,11/08/2026 00:30
d78e5ac8-4a4a-443b-b71a-673ac0127cec,litre.film,available,65.99,65.99,medium,low,5,namesilo,,,22/08/2026 17:09
e69fce0d-bf3b-4367-a5b4-7da50956c732,annexation.film,available,65.99,65.99,medium,low,10,namesilo,,,19/09/2026 10:25
d9e7becb-d173-4b48-98b5-ddf2f1fdcd1d,translate.film,available,77.98,97.98,high,low,9,namecheap,,,28/09/2026 06:59
9d65dc3f-2aa9-4441-9110-1715aaf5efea,ucla.film,available,65.99,65.99,high,low,4,namesilo,,,25/09/2026 15:03
7b1f9376-35fc-4050-b5e8-64224993a065,audio.film,premium,242,242,high,low,5,namesilo,,,28/09/2026 23:15
1417f84a-52dc-479a-83bd-2d26f4f3702a,discomfort.film,available,65.99,65.99,high,low,10,namesilo,,,29/09/2026 15:28
9986826d-784f-4cdc-9394-3f09fd0be9f4,settling.film,premium,110,110,medium,low,8,dynadot,,,28/09/2026 20:24
c1213a37-8a53-429d-bbb5-271bce406ec5,derrida.film,available,65.99,65.99,medium,low,7,namesilo,,,29/09/2026 18:37
a9f43d59-c254-429d-9a7d-1cd351eb86eb,alkaloidal.film,available,65.99,65.99,medium,low,10,namesilo,,,
f0b0304d-0723-4b99-a91d-4751c41aee25,europium.film,available,65.99,65.99,medium,low,8,namesilo,,,20/09/2026 23:26
4c5cc354-5d0b-448d-bf26-89e7903fccaa,differed.film,available,65.99,65.99,medium,low,8,namesilo,,,20/09/2026 05:03
ae514099-2793-40ef-826f-ae68034b65da,digital.film,premium,550,550,high,medium,7,dynadot,,,01/10/2026 07:41
3da40cde-d836-4ab0-9ff6-2873909dcdf1,platter.film,available,65.99,65.99,high,low,7,namesilo,,,29/09/2026 15:14
4d1440ec-4248-4cef-800f-4c92ad46591a,roberts.film,available,77.98,97.98,high,low,7,namecheap,,,22/09/2026 09:19
50da4f5d-6256-4414-80cb-252717623dd2,goit.film,available,77.98,97.98,high,low,5,namecheap,,,17/09/2026 17:43
bde47adf-f840-4f4b-9d75-3200ca30bfc8,fungi.film,available,65.99,65.99,high,low,5,namesilo,,,01/10/2026 19:40
6bc5b980-7b75-4417-8e7a-be483de44457,banting.film,available,65.99,65.99,medium,low,7,namesilo,,,22/09/2026 03:15
cfda22b1-a16a-4467-9daf-64cf43b77410,bronchial.film,available,65.99,65.99,medium,low,9,namesilo,,,11/08/2026 05:35
0e8fbab3-9b4d-4823-8411-b048a77a7010,anglophile.film,available,65.99,65.99,medium,low,10,namesilo,,,19/09/2026 06:52
b8d97dfd-9fba-4c7b-8668-522c0ad6e8ff,potentially.film,available,65.99,65.99,medium,low,11,namesilo,,,28/09/2026 07:08
c987b91b-d120-467a-88c6-f2148120430c,clergy.film,available,65.99,65.99,high,low,6,namesilo,,,29/09/2026 09:59
130e6d54-6711-442d-b54a-1c69859bf2d1,isoforms.film,available,64.42,64.42,medium,low,8,dynadot,,,30/09/2026 07:43
c9267260-49a9-453a-b666-b5e27d356ca8,zeke.film,available,65.99,65.99,medium,low,4,namesilo,,,01/10/2026 08:02
07db9908-00d6-4773-8ba2-47daf9bbc03d,beagle.film,available,77.98,97.98,high,low,6,namecheap,,,22/09/2026 19:37
abd33258-4365-4131-838e-6a52a1d613e8,tunica.film,available,65.99,65.99,medium,low,6,namesilo,,,17/09/2026 10:35
e6353601-ed9e-4455-9a88-862793fd8534,mcu.film,premium,242,242,high,low,3,namesilo,,,03/10/2026 04:05
c6a73529-4093-40cd-b305-bb8775eafdd0,greensburg.film,available,65.99,65.99,medium,low,10,namesilo,,,01/10/2026 12:09
7db7b38e-fcdf-4fdb-a984-ace7f7473ac3,accents.film,available,65.99,65.99,medium,low,7,namesilo,,,30/09/2026 15:13
2515a7be-62b6-4ba6-b607-179b7b2ba538,undyed.film,available,65.99,65.99,medium,low,6,namesilo,,,12/09/2026 02:08
346741e7-3dc7-4312-a86e-fa7a3027b482,dedicate.film,available,64.42,64.42,high,low,8,dynadot,,,30/09/2026 18:29
124c16b0-b38a-4729-9dd6-f53a59c01456,purchased.film,available,77.98,97.98,low,low,9,namecheap,,,28/09/2026 17:30
1cc69376-6c28-4cdb-a049-9a98581a7d85,withdrawn.film,available,65.99,65.99,medium,low,9,namesilo,,,22/08/2026 03:25
f7828980-1eac-47c6-a212-1b16fc63b2b7,burning.film,available,65.99,65.99,high,low,7,namesilo,,,23/09/2026 11:45
a2e53fe5-8fbb-4176-86fa-60607473917f,peaty.film,available,65.99,65.99,medium,low,5,namesilo,,,08/09/2026 11:28
5a15c484-9a32-4d0d-b753-81a62c372699,thankless.film,available,65.99,65.99,medium,low,9,namesilo,,,11/09/2026 12:28
31925b3b-99c8-4310-b03b-1b094d74a7b2,kweek.film,available,77.98,97.98,medium,low,5,namecheap,,,21/09/2026 18:35
7202321b-4cfa-46be-b80f-ac5141e713fd,hasty.film,available,65.99,65.99,medium,low,5,namesilo,,,21/08/2026 01:15
8e3e769a-4c7f-46f7-b3ad-5cebc54ba785,observed.film,available,65.99,65.99,high,low,8,namesilo,,,22/09/2026 09:25
faa6abe1-feb3-487e-9f84-a76a8196d5a7,toyota.film,available,77.98,97.98,high,high,6,namecheap,,,29/09/2026 20:32
7a4b2f84-c207-47e9-b0a4-36d13d52c2bd,noam.film,available,77.98,97.98,medium,low,4,namecheap,,,02/10/2026 00:46
4bbae12f-6fcc-41ce-985e-1c882490b145,fireplace.film,available,65.99,65.99,high,low,9,namesilo,,,28/09/2026 14:11
2e9f345c-94b5-4ee6-9527-f8b0c6615036,simulate.film,available,65.99,65.99,high,low,8,namesilo,,,10/09/2026 05:47
19b738c9-c20f-4bb2-92bd-f625a46cc17d,empties.film,available,65.99,65.99,medium,low,7,namesilo,,,02/10/2026 22:37
a9b3d2b5-6360-4dba-8e90-6f7160014022,ernestine.film,available,77.98,97.98,medium,low,9,namecheap,,,02/10/2026 19:48
42294bbc-8f89-4b60-978b-83ce476eda8d,acquiring.film,available,65.99,65.99,high,low,9,namesilo,,,17/09/2026 02:42
9edae4b4-a064-44e7-addd-e71582638fef,noise.film,premium,110,110,high,low,5,dynadot,,,29/09/2026 22:07
ed25ee48-997a-4d17-9ac8-0de325cfc05e,ensuing.film,available,65.99,65.99,medium,low,7,namesilo,,,17/08/2026 09:51
56546141-043e-40fb-959a-3c106130ef59,carla.film,available,65.99,65.99,high,low,5,namesilo,,,27/09/2026 07:21
a0a62fa0-9af7-4f35-a889-9284f60422fe,overlap.film,premium,116,116,high,low,7,namesilo,,,30/09/2026 02:25
208e7a3a-aab9-47bb-8c74-3dad2a6bc559,algebraic.film,available,65.99,65.99,medium,low,9,namesilo,,,
7e6af0f6-703b-44c8-90a4-c6fdf53c022e,smarts.film,available,77.98,97.98,high,low,6,namecheap,,,16/09/2026 18:16
3a101611-c54d-4313-8715-a083dece8280,reunited.film,available,65.99,65.99,high,low,8,namesilo,,,30/09/2026 08:00
8d118c62-1edb-4e19-a303-296ad4a72371,soundbar.film,available,65.99,65.99,high,low,8,namesilo,,,02/10/2026 03:28
0614d7fa-1293-4b2e-99a1-4ed72e22b88a,mcmaster.film,available,65.99,65.99,medium,low,8,namesilo,,,29/09/2026 01:24
7d24835a-d2f9-4865-b4e2-820cdbc4a776,smoothly.film,available,65.99,65.99,high,low,8,namesilo,,,16/09/2026 02:56
9730d783-b503-4130-83c6-fb04c02615d3,parker.film,available,77.98,97.98,high,low,6,namecheap,,,23/09/2026 20:21
e6a4e023-f4c3-43ee-969c-313eb3b9ffc2,convenience.film,available,77.98,97.98,high,low,11,namecheap,,,28/09/2026 07:18
e6237918-e50d-4a5a-b0f5-e64c78f2cd85,bountiful.film,premium,125,125,high,low,9,name.com,,,09/08/2026 20:52
8ecf1e45-8e6c-4667-9079-ab4eafeb907c,stitches.film,available,65.99,65.99,medium,low,8,namesilo,,,
d89f4368-e2ec-484a-a830-b3edee5f373a,crush.film,premium,116,116,high,low,5,namesilo,,,09/08/2026 05:21
165908a2-e9c5-4220-8b29-1de50ed544d1,mild.film,available,65.99,65.99,high,low,4,namesilo,,,25/09/2026 18:55
484012c9-8a9a-4795-93be-d9cb904274c8,princeton.film,available,65.99,65.99,high,low,9,namesilo,,,28/09/2026 10:45
a5f1b993-1f9f-4589-90be-11340a8d57b2,taney.film,available,65.99,65.99,medium,low,5,namesilo,,,02/10/2026 16:40
86f59a3f-c6c9-469f-bc57-b9725d3bc311,billiard.film,available,77.98,97.98,high,low,8,namecheap,,,09/08/2026 21:25
ef1e4c3c-14e4-4760-8a5a-d1fac7ea0cfe,bellini.film,available,65.99,65.99,high,low,7,namesilo,,,23/09/2026 06:15
f943e99a-c002-449b-a4d5-9892df7a2861,alumina.film,available,65.99,65.99,medium,low,7,namesilo,,,18/09/2026 15:12
533aba09-4f3b-40fd-af85-0d21d4deb762,hexangular.film,available,65.99,65.99,medium,low,10,namesilo,,,21/08/2026 07:48
1d6acfdc-cef3-4ec6-85df-dab93473cfbb,receptors.film,available,77.98,97.98,medium,low,9,namecheap,,,01/10/2026 18:02
d84d616d-15f2-4302-acd2-123e137a0519,prosper.film,available,77.98,97.98,high,low,7,namecheap,,,29/09/2026 20:45
044aed63-6216-4de4-9a42-7b0de2a46ce0,vicki.film,available,65.99,65.99,medium,low,5,namesilo,,,29/09/2026 04:00
b1c4c993-0dbb-4670-b139-ce667d157a97,rwandan.film,available,77.98,97.98,high,medium,7,namecheap,,,09/09/2026 19:10
ddce4487-cf5c-48d4-8edc-63695d571d55,condo.film,available,65.99,65.99,high,low,5,namesilo,,,29/09/2026 10:41
2a4970a0-259e-47a5-b6df-60774d66cef3,evils.film,available,77.98,97.98,low,low,5,namecheap,,,01/10/2026 16:07
15741053-bffc-42ba-85e0-947d780c84dc,honourable.film,premium,116,116,high,low,10,namesilo,,,21/08/2026 13:34
7de5a60e-3909-47d6-95fc-2244ade56e65,pommel.film,available,65.99,65.99,medium,low,6,namesilo,,,23/09/2026 13:53
2431f38e-de2e-4f53-bde0-6e0a6e88a3cd,msc.film,premium,242,242,high,low,3,namesilo,,,27/09/2026 04:42
335030a1-f1f8-4ba0-bad3-7ab0dd1c4696,getaways.film,available,77.98,97.98,medium,low,8,namecheap,,,20/09/2026 18:37
c35232a7-3079-445d-9ce4-88a1588f1485,sustain.film,available,77.98,97.98,high,low,7,namecheap,,,29/09/2026 02:41
93def1aa-179c-4207-912c-311fb04cf127,father.film,premium,242,242,high,low,6,namesilo,,,29/09/2026 02:01
4a806319-c3e1-4f49-9d6e-9b2d4e68a94a,rhonda.film,available,77.98,97.98,high,low,6,namecheap,,,30/09/2026 21:11
6819caed-b621-41e0-81be-9aa4b2302aeb,ham.film,premium,260,260,high,low,3,namecheap,,,29/09/2026 20:34
b364b788-c4ad-4508-9b8c-3e9b50b9c2d6,overlook.film,available,65.99,65.99,high,low,8,namesilo,,,30/09/2026 05:32
47d3c00d-aa3f-4486-92fb-be81a49a66c6,fares.film,available,65.99,65.99,medium,low,5,namesilo,,,01/10/2026 16:50
c1c42541-4d43-4bf1-bb33-354a4162d1c8,shortest.film,available,77.98,97.98,medium,low,8,namecheap,,,17/09/2026 14:24
467ba626-4260-41f9-9106-17b4df1f595e,unreported.film,available,77.98,97.98,medium,low,10,namecheap,,,12/09/2026 18:19
6fe51dc3-ea36-4203-aaba-81a3b407ad17,habitable.film,available,77.98,97.98,high,low,9,namecheap,,,20/08/2026 21:25
649adfde-9926-480a-98b9-20c1cc020d59,spurs.film,available,65.99,65.99,high,low,5,namesilo,,,29/09/2026 09:52
0a9bbe6d-7f4e-4388-8d23-059e6e2be3c8,agri.film,available,64.42,64.42,high,low,4,dynadot,,,02/10/2026 13:54
2f30f231-a22a-4e7f-9e3a-ac403e3b3b09,fiberglass.film,available,64.42,64.42,high,low,10,dynadot,,,02/10/2026 15:10
bdef9b39-24b3-48ec-8121-a5fa06c74dbd,lublin.film,available,64.42,64.42,medium,low,6,dynadot,,,28/09/2026 19:44
be3c702b-0634-463e-ab0b-31533ac6f886,rubbery.film,available,77.98,97.98,medium,low,7,namecheap,,,20/08/2026 20:09
fe21b441-7e43-45b7-971c-b106b1d54fbc,station.film,premium,116,116,high,low,7,namesilo,,,25/09/2026 10:03
e4fd4224-e78a-46be-9e08-83f1b655c935,swapo.film,available,64.42,64.42,medium,low,5,dynadot,,,02/10/2026 20:19
2432a4c1-8389-4643-b3ec-087980b2b479,painful.film,available,65.99,65.99,high,low,7,namesilo,,,
0673b583-6346-469e-87a5-1a77f69e63af,miri.film,available,65.99,65.99,high,low,4,namesilo,,,16/09/2026 16:35
22cb8e75-98ff-4575-823b-05e47f3d1ecc,mathematics.film,available,65.99,65.99,high,low,11,namesilo,,,02/10/2026 23:32
2ae68abb-6ed6-4cc4-8d9d-32a09da21678,lec.film,premium,242,242,high,low,3,namesilo,,,03/10/2026 03:55
d3ca9a90-7850-4206-bfca-506879cedb86,cellar.film,available,65.99,65.99,high,low,6,namesilo,,,22/09/2026 10:16
633aa0c7-1acd-4452-8320-6c7051e166ab,gravitational.film,available,65.99,65.99,medium,low,13,namesilo,,,29/09/2026 10:18
6247d753-ddf4-45d7-83b2-8b6c32622abe,cathartic.film,available,65.99,65.99,high,low,9,namesilo,,,05/08/2026 22:20
438616e4-2df2-4ec4-baa6-cb31e46d82c0,blooming.film,available,65.99,65.99,high,low,8,namesilo,,,10/08/2026 15:27
ac31fe41-d337-4653-bb74-ee984620e567,kowalski.film,available,64.42,64.42,medium,low,8,dynadot,,,02/10/2026 12:31
01e9ca68-4ed9-436d-b131-66cbc5e1842f,loudoun.film,available,65.99,65.99,medium,low,7,namesilo,,,29/09/2026 22:41
8e5d1d4c-8acf-471d-889f-8905e0caf7eb,tallahassee.film,available,65.99,65.99,medium,low,11,namesilo,,,02/10/2026 08:29
1eee479e-7183-4cc1-ba56-d32c2119bd00,spongy.film,available,65.99,65.99,medium,low,6,namesilo,,,10/09/2026 16:24
80a54abe-83dc-4a21-afdb-128599c0145a,hoofed.film,available,65.99,65.99,medium,low,6,namesilo,,,21/08/2026 13:40
aba4fc81-df85-454d-8666-3024b109ca5f,learned.film,available,77.98,97.98,high,low,7,namecheap,,,30/09/2026 19:33
8e20fc6c-8148-4281-980f-3320277f385c,socialism.film,available,64.42,64.42,high,low,9,dynadot,,,29/09/2026 20:26
d484295d-435f-4255-b98c-bdda48871604,ampul.film,available,65.99,65.99,high,low,5,namesilo,,,18/09/2026 23:49
fc6220df-e85f-4611-88b9-a17c1dcf28e1,labor.film,available,65.99,65.99,high,low,5,namesilo,,,02/10/2026 10:25
cbcafaea-6ff7-4cf5-9536-bac58532a516,changed.film,available,65.99,65.99,high,low,7,namesilo,,,12/08/2026 01:53
5756183e-2fb2-47ea-acc9-b0005acf343f,metro.film,available,65.99,65.99,high,high,5,namesilo,,,28/09/2026 06:24
fc80d501-7fd5-46aa-9c6e-c47b75cb2a3f,breakout.film,available,77.98,97.98,high,low,8,namecheap,,,02/10/2026 14:28
552cdc58-98a4-4cce-af70-56bcf14be05a,dismissal.film,available,65.99,65.99,high,low,9,namesilo,,,29/09/2026 15:57
2fa4a6a3-4d42-4041-a6da-7d85b2ffbc7f,atherton.film,available,77.98,97.98,medium,low,8,namecheap,,,28/09/2026 09:10
8acda08c-bcc3-4278-8505-006a5f303bca,moth.film,available,77.98,97.98,high,low,4,namecheap,,,28/09/2026 19:56
02c9ce8e-c0f5-4714-b56e-b3767543eb7b,pluton.film,available,65.99,65.99,medium,low,6,namesilo,,,22/09/2026 13:46
f53b6c4b-5d42-4dc2-b489-d8568b9d32e6,airflow.film,available,65.99,65.99,high,low,7,namesilo,,,17/09/2026 22:13
9eb52ca1-fc66-4951-ad97-cec4984a6885,petitions.film,available,65.99,65.99,medium,low,9,namesilo,,,02/10/2026 13:44
de147f95-e5f5-4ff4-beec-489c2394bb13,safety.film,premium,242,242,high,low,6,namesilo,,,08/09/2026 08:04
933d6e4c-514e-415a-8e00-83e4385ba15d,balsam.film,available,65.99,65.99,high,low,6,namesilo,,,22/09/2026 00:04
54dff875-000e-41b4-9e46-f638d652d026,spermous.film,available,65.99,65.99,high,medium,8,namesilo,,,10/09/2026 15:30
e954b909-eba9-475a-a969-d8e7ed0dcf7d,accord.film,available,65.99,65.99,high,low,6,namesilo,,,16/09/2026 22:54
7188a7ba-5755-4022-a008-01e337e13d61,delusive.film,available,65.99,65.99,medium,low,8,namesilo,,,14/08/2026 00:53
748da6ce-1cfc-4df4-8e77-86a5e8c197b2,beldam.film,available,65.99,65.99,medium,low,6,namesilo,,,23/09/2026 04:45
6e9fc0dc-aa45-4544-9e25-6ccf411e1613,curvy.film,available,77.98,97.98,high,low,5,namecheap,,,10/08/2026 20:32
0d377452-2410-4689-b352-491f57e04b47,edinburgh.film,premium,110,110,high,low,9,dynadot,,,29/09/2026 12:09
14b42181-d1f4-4cce-b122-f1e8bb9cc361,victim.film,available,65.99,65.99,high,low,6,namesilo,,,29/09/2026 17:12
ff65781a-50ce-4d9d-bfa3-d81446ffa535,murad.film,available,65.99,65.99,high,low,5,namesilo,,,30/09/2026 05:11
74f6c45d-e934-4379-b978-6751e6e7456a,junk.film,available,77.98,97.98,medium,low,4,namecheap,,,24/09/2026 21:06
df2ed0e5-56f5-4d58-94f8-63bf51eea8e0,fissure.film,available,65.99,65.99,high,low,7,namesilo,,,13/08/2026 04:18
05c1312c-c528-45c1-9eb6-5907effe4b89,parameter.film,available,64.42,64.42,high,low,9,dynadot,,,02/10/2026 16:19
ebba2d3a-a2e6-4009-ab06-94a7d99bb372,birdie.film,available,89.99,113.99,high,low,6,name.com,,,23/09/2026 20:41
6cf82592-f935-48be-85a3-1b132f4e82af,gaining.film,available,65.99,65.99,medium,low,7,namesilo,,,28/09/2026 11:29
f28251b6-1203-4ab6-a1db-e1082800bb58,springless.film,available,65.99,65.99,low,low,10,namesilo,,,10/09/2026 16:51
cd12a830-425e-4478-ab6b-2162ff81f76c,invidious.film,available,65.99,65.99,medium,low,9,namesilo,,,22/08/2026 09:04
65429448-a95a-4566-92c8-158d35721bef,contents.film,available,64.42,64.42,high,low,8,dynadot,,,29/09/2026 11:23
4dbeba55-2f41-4f9e-aa38-b6c719768df9,dislike.film,premium,116,116,high,low,7,namesilo,,,29/09/2026 15:55
40c1944c-a8e4-49a2-93a9-2f1814aeef30,internets.film,available,65.99,65.99,medium,low,9,namesilo,,,01/10/2026 11:19
d1383578-c974-4614-a5a2-817a1d685a13,coup.film,available,77.98,97.98,high,low,4,namecheap,,,29/09/2026 18:30
ccb514b9-de5d-4e17-b302-85727d0035ed,barterer.film,available,65.99,65.99,medium,low,8,namesilo,,,22/09/2026 08:58
76ae66b5-0477-4e10-9175-0fedce0f5b15,jumbo.film,available,65.99,65.99,high,low,5,namesilo,,,16/08/2026 03:34
14dbae9d-eee6-456c-a2f0-1199ca85e1a6,snow.film,premium,116,116,high,medium,4,namesilo,,,29/09/2026 01:12
8ff14459-8946-4224-a22c-465dc299b5d2,designed.film,premium,116,116,high,low,8,namesilo,,,24/09/2026 06:34
e3ae0608-e6e8-4242-a149-c4a0e45fd29f,mosley.film,available,65.99,65.99,medium,low,6,namesilo,,,29/09/2026 09:56
7cd40643-1b7d-4ad1-a068-a2d3924bad93,britney.film,available,65.99,65.99,high,low,7,namesilo,,,02/10/2026 07:33
c4fd97e6-e1a0-41cb-bccf-57f3802e13ea,myself.film,available,77.98,97.98,high,low,6,namecheap,,,25/09/2026 12:53
f4e1510c-aa70-4450-8bf3-ac916d96f65d,katharsis.film,available,65.99,65.99,high,low,9,namesilo,,,16/09/2026 17:05
4bfa75ed-ae1c-4a67-bc0f-9b7624f2f834,vein.film,available,65.99,65.99,high,low,4,namesilo,,,30/09/2026 04:35
89ec561a-142e-485c-81da-6c9e22554800,vitrified.film,available,65.99,65.99,medium,low,9,namesilo,,,13/09/2026 06:20
6066e471-750d-4c2b-8027-eeeaa35cd223,earlyish.film,available,65.99,65.99,medium,low,8,namesilo,,,14/08/2026 22:29
8b7598c8-a991-4064-8547-4224a754ac9d,mouth.film,premium,116,116,high,low,5,namesilo,,,02/10/2026 11:41
afce77f3-611e-4ae2-a471-c5e568950937,groningen.film,available,65.99,65.99,medium,low,9,namesilo,,,29/09/2026 03:44
e91c4969-26ce-4218-bcf2-5b1072926a3d,holographic.film,available,65.99,65.99,high,low,11,namesilo,,,02/10/2026 07:25
f3290562-1511-4eb5-9878-5829d399e5ac,bandages.film,available,64.42,64.42,medium,low,8,dynadot,,,01/10/2026 17:46
31e69a22-6622-4d7a-ab87-7376d406e367,perplex.film,available,77.98,97.98,high,low,7,namecheap,,,21/09/2026 17:26
7a3cbff1-6e5e-49e4-a76c-3be718b4588e,adiantum.film,available,65.99,65.99,medium,low,8,namesilo,,,17/09/2026 08:05
cff7e0a9-8ed8-4ac7-b790-fbd31d9f9ff4,cfo.film,premium,242,242,high,low,3,namesilo,,,24/09/2026 13:41
fc7a22ba-81ee-4172-b422-e2064bbe56ed,grecian.film,available,77.98,97.98,high,low,7,namecheap,,,20/08/2026 19:44
d3e03346-0451-4ba0-b703-29507dcce64c,ardently.film,available,65.99,65.99,medium,low,8,namesilo,,,13/09/2026 20:41
6b41edd0-1f43-4846-87f0-55b750bcd232,rollers.film,available,65.99,65.99,medium,low,7,namesilo,,,30/09/2026 16:24
9171feee-3e46-41c9-b6a2-80d209c5d426,bsp.film,premium,260,260,high,low,3,namecheap,,,02/10/2026 18:23
53744dee-3000-407f-8411-b6145da5e24f,mick.film,available,65.99,65.99,high,low,4,namesilo,,,28/09/2026 02:25
f4e52f68-4128-40b4-bde5-90f4d1a4c1c2,bitch.film,available,65.99,65.99,high,low,5,namesilo,,,23/09/2026 00:22
0da91dbb-a826-4d27-a709-3dec62b6d4ef,toxicant.film,available,65.99,65.99,medium,low,8,namesilo,,,08/09/2026 22:42
a78b2765-ab1a-4e14-a9a0-b72229cc5964,pension.film,available,65.99,65.99,high,low,7,namesilo,,,28/09/2026 10:42
bcbc6f06-e1d8-41ed-904a-2a757efc5b52,well.film,available,65.99,65.99,high,low,4,namesilo,,,24/09/2026 22:39
8e1ab321-32b9-4c1d-ba8c-db4eebf32a3e,colour.film,premium,1107,1107,high,low,6,namesilo,,,23/09/2026 15:08
18e359fe-ec27-44bc-a3c2-fe92133bb0c8,exeter.film,available,65.99,65.99,high,low,6,namesilo,,,25/09/2026 14:27
78c0e709-2a8e-44d2-b308-7a7c2a51d38d,rouge.film,available,65.99,65.99,high,medium,5,namesilo,,,29/09/2026 07:59
e29658d1-3000-4667-8c09-c3187b3edf2b,ate.film,premium,220,220,high,low,3,dynadot,,,28/09/2026 22:51
0e8208e3-c5e1-4c5c-be87-756d7633e4ec,belisarius.film,available,77.98,97.98,medium,low,10,namecheap,,,23/09/2026 05:17
8eb102cd-d87d-431c-94ee-83ae86f54748,marker.film,available,64.42,64.42,high,low,6,dynadot,,,28/09/2026 06:21
0fe87ead-51a8-4f0d-b315-e8faead3726f,tannic.film,available,65.99,65.99,medium,low,6,namesilo,,,11/09/2026 08:01
e6d9907b-5902-412a-94c2-1ae9d725d373,cruz.film,available,65.99,65.99,high,low,4,namesilo,,,25/09/2026 11:52
8ae1bd9f-4542-4ccd-97e4-90933513f1fd,goosey.film,available,65.99,65.99,medium,low,6,namesilo,,,14/08/2026 16:06
c85c32dd-be0a-43a1-a0de-7701bf09d48b,yearningly.film,available,65.99,65.99,medium,low,10,namesilo,,,15/09/2026 12:56
a4bdb1d7-c13e-4f7b-be20-d55036c33de1,subnormal.film,available,65.99,65.99,medium,low,9,namesilo,,,11/09/2026 00:28
6c8fb166-b046-4dfb-b628-3716264dc769,graduated.film,available,65.99,65.99,high,low,9,namesilo,,,11/08/2026 14:18
43b3f8ae-31e5-4d86-a478-ac84e5b6e5f9,kush.film,available,77.98,97.98,high,low,4,namecheap,,,02/10/2026 00:37
290204bf-5d9f-41f6-b72b-85e2c7d73cd6,kongo.film,available,65.99,65.99,high,low,5,namesilo,,,01/10/2026 02:49
46fef8a0-1549-4a25-94c7-2745da02a763,echoing.film,available,77.98,97.98,high,low,7,namecheap,,,30/09/2026 03:52
05a53460-74e5-491e-bd20-3412c1cbe92d,dominic.film,available,65.99,65.99,high,low,7,namesilo,,,27/09/2026 03:45
3a181000-a471-4a7f-9a8e-a3ba1c82a4dd,medicaid.film,available,64.42,64.42,high,low,8,dynadot,,,01/10/2026 20:29
3c894689-0986-4357-973c-93387058ffb8,dreary.film,premium,116,116,medium,low,6,namesilo,,,14/08/2026 11:47
6a546506-b96c-4d28-8f33-6717a6c110b2,chordate.film,available,65.99,65.99,medium,low,8,namesilo,,,12/08/2026 07:12
2009cf5a-5ff3-45f4-ab1b-1d68e81a8943,afraid.film,premium,116,116,high,low,6,namesilo,,,26/09/2026 00:46
52cb1e34-3f4f-4306-8bcb-1981356cd554,sabbatic.film,available,65.99,65.99,medium,low,8,namesilo,,,09/09/2026 20:32
6888626b-bdc1-4b65-94c7-f0986bbf1050,holder.film,available,65.99,65.99,high,low,6,namesilo,,,29/09/2026 22:53
d7fe24e1-4d23-4b68-b656-7df5bf627208,clears.film,available,77.98,97.98,high,low,6,namecheap,,,29/09/2026 17:52
19223910-6829-4a2e-be1e-3cab3852c409,mono.film,available,89.99,113.99,high,medium,4,name.com,,,25/09/2026 21:33
93e0b5d0-9e37-43d4-8b2d-14df1c36aab4,bombastic.film,available,77.98,97.98,high,low,9,namecheap,,,10/08/2026 18:01
a8ba36c6-35cc-4290-a97c-25be7669900d,norms.film,available,65.99,65.99,medium,low,5,namesilo,,,
6bd411b5-006d-4682-a808-24bc76579b8f,tomato.film,available,77.98,97.98,high,low,6,namecheap,,,30/09/2026 03:31
93d688bb-1a68-4a59-a504-4c78a57260dc,bissau.film,available,65.99,65.99,medium,low,6,namesilo,,,23/09/2026 22:06
e87b36d8-914a-47b7-b2fa-ce778cbe29fd,freshwater.film,available,65.99,65.99,high,low,10,namesilo,,,30/09/2026 17:24
eeab515b-9525-4540-b030-bffe345b3a0d,concerned.film,premium,130,130,high,low,9,namecheap,,,23/09/2026 18:58
fc2b15b0-e6b7-4e03-a3fc-90648bcd90f0,indecisive.film,premium,116,116,medium,low,10,namesilo,,,22/08/2026 02:27
2d783832-717f-4f91-91c2-8346078a8aad,global.film,premium,260,260,high,medium,6,namecheap,,,22/09/2026 16:32
f7efda83-54f5-4364-bf0d-1517a3c35b47,endemic.film,available,65.99,65.99,high,low,7,namesilo,,,07/08/2026 19:26
21015702-2159-4ddd-a96d-69547010562d,academe.film,available,77.98,97.98,high,low,7,namecheap,,,16/09/2026 20:22
98e57667-4bb8-4a2b-96d3-affa804686db,pressor.film,available,65.99,65.99,high,medium,7,namesilo,,,09/09/2026 01:43
53a95082-2cfc-4aac-8b6f-9a6cd370e58c,greenwing.film,available,65.99,65.99,medium,low,9,namesilo,,,19/09/2026 02:56
88c22580-eeb6-4311-8030-5f81933c715f,infidelity.film,available,65.99,65.99,medium,low,10,namesilo,,,30/09/2026 01:58
03a25280-6805-4785-a368-643c022244ab,binds.film,available,77.98,97.98,low,low,5,namecheap,,,01/10/2026 00:28
5d7c71e5-98cb-4a62-bf5f-99f62b565b92,stylistic.film,available,65.99,65.99,high,low,9,namesilo,,,10/09/2026 23:19
b956d2df-1fff-4d5c-b37b-a667794fb0ca,lookout.film,available,65.99,65.99,high,low,7,namesilo,,,30/09/2026 22:47
ab749902-6f1c-4770-8e28-bfd277d6cca1,amnionic.film,available,65.99,65.99,medium,low,8,namesilo,,,
6e58a920-7568-43d7-83c0-d01042ed2f26,emphasis.film,premium,116,116,high,low,8,namesilo,,,29/09/2026 12:11
369574c9-c42c-49d6-afcf-dd6138840694,elmira.film,available,64.42,64.42,medium,low,6,dynadot,,,28/09/2026 16:42
eb795f43-6aa7-4a9b-9e09-d02eedb2b325,bawbee.film,available,65.99,65.99,medium,low,6,namesilo,,,22/09/2026 16:46
cb0a5fa1-f527-4a40-a383-3bf0d0fc797f,superlunar.film,available,65.99,65.99,medium,low,10,namesilo,,,11/09/2026 02:21
2049a484-a781-407f-aad2-1f1cbeb30086,converter.film,available,65.99,65.99,high,low,9,namesilo,,,03/10/2026 00:11
23bea675-1cf2-4030-be96-ca05dea39eff,jacobson.film,available,77.98,97.98,high,low,8,namecheap,,,28/09/2026 04:07
b468abbc-7514-4360-a114-ed305f8cc020,loot.film,available,65.99,65.99,high,low,4,namesilo,,,24/09/2026 06:49
a462d5ee-8149-4a08-9717-2cdb7e566327,homosexual.film,premium,250,250,high,low,10,name.com,,,18/08/2026 20:54
5311e1ad-2a05-4ad7-ab79-ff2d957fa187,kamchatka.film,available,64.42,64.42,medium,low,9,dynadot,,,30/09/2026 21:23
50036d67-6fe1-4ad9-8040-82b39f49f902,sedgy.film,available,65.99,65.99,medium,low,5,namesilo,,,10/09/2026 01:38
cc53bbff-108f-4121-ab76-1d231edfdfb7,pedagogic.film,available,65.99,65.99,medium,low,9,namesilo,,,08/09/2026 12:15
0533e112-6ec2-448c-bf60-6d84166401f4,arcus.film,available,65.99,65.99,high,low,5,namesilo,,,20/09/2026 03:02
c911253b-c585-41d4-89bb-8cf62220fdfc,dares.film,available,64.42,64.42,medium,low,5,dynadot,,,02/10/2026 02:41
57de770b-2017-4776-9280-31a1d26f52af,cabinet.film,available,65.99,65.99,high,low,7,namesilo,,,24/09/2026 11:32
422457db-6f0c-4869-8924-043799da0e80,effectiveness.film,available,65.99,65.99,medium,low,13,namesilo,,,30/09/2026 05:52
877662bd-8a37-4017-96cd-5ae9845715f2,conferences.film,available,65.99,65.99,medium,low,11,namesilo,,,30/09/2026 07:38
d11c9ed4-b648-4d4e-8c20-7962e01672df,peg.film,premium,242,242,high,low,3,namesilo,,,27/09/2026 15:02
b9229194-2b7c-4b9a-ab81-fe0b9da0dd1a,antilope.film,available,65.99,65.99,medium,low,8,namesilo,,,19/09/2026 14:39
6810fb0f-e5f5-4782-9032-bb21eb09e240,floors.film,available,64.42,64.42,medium,low,6,dynadot,,,27/09/2026 22:02
425893ef-7914-4a07-9216-5bc4f76ac6f8,graceful.film,available,77.98,97.98,high,low,8,namecheap,,,20/08/2026 17:25
b9ae4919-6d69-4b2c-a550-cbc13831abdb,principality.film,available,65.99,65.99,medium,low,12,namesilo,,,28/09/2026 22:46
85fc6754-037c-439a-8f35-38d479fd41ff,ron.film,premium,242,242,high,low,3,namesilo,,,25/09/2026 00:25
0795a6ec-b06e-4d94-8d2d-2b7570f8644f,upgraded.film,available,77.98,97.98,high,low,8,namecheap,,,30/09/2026 16:15
e0a39e55-e024-4e65-aaed-a844f56f07d3,chunky.film,available,65.99,65.99,high,low,6,namesilo,,,12/08/2026 07:44
43eaa455-7661-4f90-998f-364a28896d0e,utter.film,available,65.99,65.99,medium,low,5,namesilo,,,28/09/2026 10:04
e391df42-5e80-4695-b1fa-2f4b832f5387,anglia.film,available,65.99,65.99,medium,low,6,namesilo,,,19/09/2026 06:45
ca56d305-33b7-40ca-bc73-2969b59d0ded,hominid.film,available,65.99,65.99,medium,low,7,namesilo,,,21/08/2026 12:39
7e587012-0248-4ad4-a5c5-ebb797992c6c,irina.film,available,77.98,97.98,high,low,5,namecheap,,,29/09/2026 15:31
d03716ff-4880-489b-a1b7-c3eae50071e4,realms.film,available,65.99,65.99,medium,low,6,namesilo,,,01/10/2026 17:43
c27a5428-7b1d-4021-b343-03d7c6cad8ec,advising.film,available,77.98,97.98,high,low,8,namecheap,,,29/09/2026 20:50
1058f402-9bb0-470c-8627-706d6fec5edf,keys.film,available,65.99,65.99,high,medium,4,namesilo,,,02/10/2026 13:36
21f1e871-98e0-4321-a4c7-5d51e4fee428,rmb.film,premium,242,242,high,low,3,namesilo,,,02/10/2026 17:39
de30855c-bd80-4fcb-95bc-73de42b482dc,sima.film,available,65.99,65.99,medium,low,4,namesilo,,,29/09/2026 13:57
66373523-bb83-4ed0-a469-9167c3451d31,foursquare.film,available,65.99,65.99,high,low,10,namesilo,,,18/08/2026 13:48
723f3f0e-6a67-4e44-ae30-afba5913679b,cecilia.film,available,65.99,65.99,medium,low,7,namesilo,,,26/09/2026 03:37
4b592302-e5e7-4d5d-9fe0-addd69cabbad,sticking.film,available,65.99,65.99,high,low,8,namesilo,,,27/09/2026 06:41
6adbc331-eeee-4d57-b5b6-af076d2e3c01,booths.film,available,77.98,97.98,medium,low,6,namecheap,,,01/10/2026 18:37
170d8ee5-5780-4770-8c3f-93fd42887719,slapped.film,available,64.42,64.42,low,low,7,dynadot,,,29/09/2026 23:39
6a2f9e66-a9fd-48a0-bd9a-4f2c568b381a,aristophanes.film,available,65.99,65.99,medium,low,12,namesilo,,,02/10/2026 00:26
1cbea527-ef62-4ecd-803a-4d5701051f75,masterless.film,available,65.99,65.99,medium,low,10,namesilo,,,24/08/2026 09:55
e7340ccc-9069-469c-8ae9-353fb2f992b1,retinal.film,available,65.99,65.99,high,low,7,namesilo,,,09/09/2026 15:37
62bdf407-3d0e-491c-972e-4b35240f95cd,intercultural.film,available,65.99,65.99,high,low,13,namesilo,,,01/10/2026 23:06
20d383c4-994e-4fb2-8cb7-fa8d4e8273c7,modernisation.film,available,65.99,65.99,high,low,13,namesilo,,,30/09/2026 23:56
ca0b98c9-c513-4367-b136-b9e716179327,fooled.film,available,65.99,65.99,low,low,6,namesilo,,,29/09/2026 04:52
dd529ed3-e39d-4051-83f0-8e382dc50b8e,hans.film,available,77.98,97.98,high,low,4,namecheap,,,01/10/2026 11:24
e3e73b7d-cf3a-414c-acab-22990e06b99b,wiley.film,available,77.98,97.98,high,low,5,namecheap,,,27/09/2026 08:05
5c49d03a-aac7-4f9f-87d1-90854d313555,salam.film,available,65.99,65.99,high,low,5,namesilo,,,01/10/2026 22:51
ed927696-2243-465d-b3cd-63d8a86592eb,howe.film,available,77.98,97.98,high,low,4,namecheap,,,30/09/2026 17:09
6037f643-fb6d-482c-84dd-efcb03089fdb,universities.film,premium,116,116,medium,low,12,namesilo,,,28/09/2026 08:47
b875013b-b59f-4e2f-b342-60fddaec9e2f,hounds.film,available,77.98,97.98,medium,low,6,namecheap,,,30/09/2026 22:40
5f36727c-e3ad-4668-97dc-770ecda28ec8,grams.film,available,77.98,97.98,high,low,5,namecheap,,,18/09/2026 05:03
e7aac3ac-6c98-4100-bc67-e5d7385bfae0,jpl.film,premium,260,260,medium,low,3,namecheap,,,01/10/2026 07:58
f9d2e06c-2116-4151-bbf3-845ce3423d6e,angell.film,available,64.42,64.42,high,low,6,dynadot,,,29/09/2026 21:36
8fb9c390-b9cf-45bb-8098-a578527ee9b5,attitudes.film,available,65.99,65.99,medium,low,9,namesilo,,,29/09/2026 23:34
7858b2cb-37f0-4987-81e2-8d3ca52aea33,yavapai.film,available,65.99,65.99,high,low,7,namesilo,,,03/10/2026 02:24
bcc9b564-b137-4a9a-884f-dc24ac880dfb,dalian.film,available,77.98,97.98,high,low,6,namecheap,,,01/10/2026 19:10
8e7ca8b8-8c06-4592-81d1-fc7aa662abc7,amenity.film,available,77.98,97.98,high,low,7,namecheap,,,17/09/2026 19:17
39a61385-1ff6-4466-a434-3e46440dfe02,penile.film,available,65.99,65.99,medium,low,6,namesilo,,,08/09/2026 14:21
120a5aaa-1c2d-418f-a7d5-e98e27c1e52a,clash.film,available,64.42,64.42,high,low,5,dynadot,,,29/09/2026 09:50
d2040b87-5546-4dc8-8996-04b813d449b4,mindfulness.film,available,77.98,97.98,high,low,11,namecheap,,,29/09/2026 10:40
b259e0c0-027d-483b-8845-7e2380b67598,bonn.film,available,65.99,65.99,high,low,4,namesilo,,,25/09/2026 01:56
83cb90c5-8354-4927-ae5b-72042211c438,jay.film,premium,220,220,high,low,3,dynadot,,,30/09/2026 00:45
a9963fee-0a03-40c1-94e6-5c411134acd2,reset.film,available,65.99,65.99,high,high,5,namesilo,,,30/09/2026 09:54
679efbc7-4e07-4e2f-9b1a-47b3a2b8afc1,highlighting.film,available,77.98,97.98,high,low,12,namecheap,,,01/10/2026 23:00
0684ac02-b81d-4fb7-9db7-3c8d302b3e89,built.film,available,77.98,97.98,high,low,5,namecheap,,,23/09/2026 10:20
26727c37-76aa-40f3-bffd-960e44a918ee,thickener.film,available,65.99,65.99,medium,low,9,namesilo,,,11/09/2026 13:14
a12892ec-56c3-4966-b6f7-368997e5be1a,debut.film,premium,260,260,high,low,5,namecheap,,,24/09/2026 21:09
e29fffd8-d393-4881-a215-c1d6ee194886,pelvic.film,available,65.99,65.99,high,low,6,namesilo,,,08/09/2026 13:42
dadeaf92-233f-447b-93fd-e4044ceb2dcb,ashore.film,available,65.99,65.99,medium,low,6,namesilo,,,13/09/2026 22:07
a5e59cc0-d3cc-49b1-993f-49c74e0a2fee,veneto.film,available,65.99,65.99,high,low,6,namesilo,,,30/09/2026 11:16
43057481-4fd2-4469-a9d1-03fc664f42d4,patter.film,available,77.98,97.98,high,low,6,namecheap,,,15/09/2026 20:21
f8756ea0-660c-4c62-82b3-cd197b3b03b7,comedo.film,available,65.99,65.99,medium,low,6,namesilo,,,24/09/2026 02:47
92738a46-ad86-428c-bbc3-b14a5db96172,mba.film,premium,242,242,high,low,3,namesilo,,,25/09/2026 09:16
8facdef1-9eb2-44a4-8eb8-3323fcaf3440,cavern.film,available,119.99,119.99,high,low,6,godaddy,,,01/10/2026 01:18
25200655-a616-45d7-8e81-7a068a50be2c,pcs.film,premium,242,242,high,low,3,namesilo,,,27/09/2026 08:22
2895df60-d205-4842-aeec-e58a9d2925b6,stradivari.film,available,65.99,65.99,medium,low,10,namesilo,,,19/09/2026 15:41
6593a237-5bf7-4e5b-862f-512f5a52dad5,sellable.film,available,77.98,97.98,medium,low,8,namecheap,,,24/08/2026 20:28
d10c7835-8eb3-47b1-94c9-623e036d6c34,bang.film,available,65.99,65.99,high,low,4,namesilo,,,28/09/2026 13:18
e2a289c6-a749-455b-838c-ca3d308b1c10,nurse.film,premium,116,116,high,low,5,namesilo,,,29/09/2026 22:12
44fe0e1a-18de-482c-94eb-168f346fea4d,improvise.film,available,65.99,65.99,high,low,9,namesilo,,,21/09/2026 16:45
41563bc0-63c4-4b8b-9861-c0e8060c16c3,fugly.film,available,77.98,97.98,medium,low,5,namecheap,,,18/08/2026 17:49
bedb2be6-f206-44e9-aacc-1227bc9fe04f,pintail.film,available,65.99,65.99,medium,low,7,namesilo,,,19/09/2026 02:52
1a63f160-ddaf-46e9-aeeb-c1523ef87738,assuage.film,available,65.99,65.99,high,low,7,namesilo,,,18/08/2026 22:06
dad668b0-2426-4157-b16a-081e5a57b033,diversely.film,available,65.99,65.99,medium,low,9,namesilo,,,14/09/2026 13:25
e12e5211-bf51-45f5-8a95-98e990227af8,meuse.film,available,65.99,65.99,medium,low,5,namesilo,,,20/09/2026 04:35
ec523425-b595-49b9-878e-b74d7e819e72,husbands.film,available,64.42,64.42,medium,low,8,dynadot,,,27/09/2026 18:17
56e39a60-83b1-4761-ac33-3f92f8bdd1ff,shelf.film,available,65.99,65.99,high,low,5,namesilo,,,30/09/2026 02:43
5b20b044-8cfd-49e1-8462-783565f1c209,straits.film,available,65.99,65.99,medium,low,7,namesilo,,,30/09/2026 02:57
8e4f28c1-9ce1-4717-a458-f630c674614e,disguise.film,available,65.99,65.99,high,low,8,namesilo,,,29/09/2026 06:07
8dc6f032-7a58-4b75-80f9-74ca70b2e83b,asgard.film,available,65.99,65.99,high,low,6,namesilo,,,20/09/2026 13:34
94a73c48-35d4-4de5-9da1-47bccdd4b148,gpo.film,premium,242,242,high,low,3,namesilo,,,29/09/2026 12:57
edc80850-0e7b-4509-9c2e-763e7ddc45ed,hama.film,available,65.99,65.99,medium,low,4,namesilo,,,02/10/2026 00:52
ef37f66d-27fe-4c6a-a67e-8a39203f9f36,bellying.film,available,65.99,65.99,low,low,8,namesilo,,,09/08/2026 13:37
7a973628-4757-4fad-b6cd-7eedc8c58f2a,bones.film,available,77.98,97.98,medium,low,5,namecheap,,,29/09/2026 03:19
f1c1e913-6ed2-49dc-ba59-288bbd4f7597,precautions.film,available,65.99,65.99,medium,low,11,namesilo,,,18/09/2026 09:01
33b029c7-85fc-4b2a-94ad-bc91e2853f05,turf.film,available,65.99,65.99,high,low,4,namesilo,,,28/09/2026 05:54
e48fd89f-f1e5-4b14-9cc0-013abaae100d,bellyband.film,available,65.99,65.99,medium,low,9,namesilo,,,23/09/2026 06:51